task,prompt_id,gamma,match,new_tokens,baseline_tokens,alpha,target_passes_per_token,tokens_per_s,baseline_tokens_per_s,first_div,gap,ref_rank,spec_rank,ref_text,spec_text
code,0,1,True,128,128,0.8286,0.5469,21.16,18.14,,,,,,
code,0,4,True,128,128,0.8785,0.2656,18.19,18.14,,,,,,
code,0,8,True,128,128,0.8983,0.1719,16.37,18.14,,,,,,
code,1,1,True,128,128,0.9538,0.5156,21.59,17.67,,,,,,
code,1,4,True,128,128,0.9709,0.2188,22.52,17.67,,,,,,
code,1,8,True,128,128,0.9655,0.125,23.04,17.67,,,,,,
code,2,1,True,128,128,0.9538,0.5156,22.96,17.85,,,,,,
code,2,4,True,128,128,0.9524,0.2188,21.85,17.85,,,,,,
code,2,8,True,128,128,0.9655,0.125,22.52,17.85,,,,,,
code,3,1,True,128,128,0.8955,0.5312,22.3,18.13,,,,,,
code,3,4,True,128,128,0.8716,0.2578,19.64,18.13,,,,,,
code,3,8,True,128,128,0.8908,0.1719,16.32,18.13,,,,,,
code,4,1,True,128,128,0.8028,0.5547,21.09,17.9,,,,,,
code,4,4,True,128,128,0.8257,0.2969,16.72,17.9,,,,,,
code,4,8,True,128,128,0.8333,0.2188,12.77,17.9,,,,,,
code,5,1,True,128,128,0.9242,0.5234,22.34,17.71,,,,,,
code,5,4,True,128,128,0.9151,0.2422,20.73,17.71,,,,,,
code,5,8,True,128,128,0.9153,0.1562,17.41,17.71,,,,,,
math,0,1,True,128,128,0.9394,0.5156,22.21,16.92,,,,,,
math,0,4,True,128,128,0.9615,0.2188,23.01,16.92,,,,,,
math,0,8,True,128,128,0.9652,0.1328,21.33,16.92,,,,,,
math,1,1,True,128,128,0.9242,0.5234,22.56,16.64,,,,,,
math,1,4,True,128,128,0.934,0.2266,22.04,16.64,,,,,,
math,1,8,True,128,128,0.9478,0.1484,19.72,16.64,,,,,,
math,2,1,True,128,128,0.9104,0.5234,21.02,17.51,,,,,,
math,2,4,True,128,128,0.9333,0.2344,21.67,17.51,,,,,,
math,2,8,True,128,128,0.9224,0.1641,17.59,17.51,,,,,,
math,3,1,True,128,128,0.9394,0.5156,21.84,18.17,,,,,,
math,3,4,True,128,128,0.9238,0.2422,18.55,18.17,,,,,,
math,3,8,True,128,128,0.9316,0.1484,19.04,18.17,,,,,,
math,4,1,True,128,128,0.9104,0.5234,22.42,17.75,,,,,,
math,4,4,True,128,128,0.9333,0.2344,19.92,17.75,,,,,,
math,4,8,True,128,128,0.9316,0.1484,19.67,17.75,,,,,,
math,5,1,True,128,128,0.9692,0.5078,23.46,18.42,,,,,,
math,5,4,True,128,128,0.9806,0.2109,24.09,18.42,,,,,,
math,5,8,True,128,128,0.9825,0.125,22.15,18.42,,,,,,
chat,0,1,True,128,128,0.8676,0.5391,22.43,18.08,,,,,,
chat,0,4,True,128,128,0.7652,0.3125,16.1,18.08,,,,,,
chat,0,8,True,128,128,0.7787,0.2578,10.61,18.08,,,,,,
chat,1,1,False,128,128,0.6842,0.5938,18.45,17.2,33,0.0156,1,0, Organize your study time into manageable blocks. Break your study, Organize your study time into manageable blocks with short breaks in
chat,1,4,False,128,128,0.7257,0.3594,12.59,17.2,33,0.0156,1,0, Organize your study time into manageable blocks. Break your study, Organize your study time into manageable blocks with short breaks in
chat,1,8,True,128,128,0.8049,0.2266,11.81,17.2,,,,,,
chat,2,1,True,128,128,0.6494,0.6094,19.04,17.7,,,,,,
chat,2,4,True,128,128,0.6752,0.3828,12.27,17.7,,,,,,
chat,2,8,True,128,128,0.672,0.3438,8.24,17.7,,,,,,
chat,3,1,True,125,125,0.7027,0.592,18.29,17.19,,,,,,
chat,3,4,True,125,125,0.7411,0.336,14.2,17.19,,,,,,
chat,3,8,True,125,125,0.712,0.304,8.91,17.19,,,,,,
chat,4,1,True,128,128,0.6494,0.6094,18.55,16.59,,,,,,
chat,4,4,True,128,128,0.6983,0.3672,13.41,16.59,,,,,,
chat,4,8,True,128,128,0.6855,0.3359,8.24,16.59,,,,,,
chat,5,1,False,128,128,0.7534,0.5703,19.61,17.5,19,0.0312,1,0, journey to becoming a programmer. Here are some key considerations to, journey to becoming a programmer. Here are several factors to consider
chat,5,4,False,128,128,0.7373,0.3203,14.36,17.5,19,0.0312,1,0, journey to becoming a programmer. Here are some key considerations to, journey to becoming a programmer. Here are several factors to consider
chat,5,8,False,128,128,0.7222,0.2891,9.8,17.5,19,0.0312,1,0, journey to becoming a programmer. Here are some key considerations to, journey to becoming a programmer. Here are several factors to consider
