task,prompt_id,temperature,method,gamma_mean,repeats,new_tokens,seconds,tokens_per_s,tokens_per_s_std,ttft_ms,ttft_ms_std,target_passes_per_token,alpha,peak_mem_gb,gpu_util,matches_baseline,c,predicted_speedup,measured_speedup,pos_tested,pos_accepted,dtype,gpu,speedup_sd_repeats,mean_gamma,order_positions,phase
code,0,0.0,baseline,,3,128,9.2608,13.848,0.735,82.226,10.993,1.0,,6.743,55.4,True,0.1198,1.0,1.0,,,fp16,NVIDIA GeForce RTX 4060 Laptop GPU,0.0,0.0,0;6;5,P5b
code,0,0.0,fixed:2,1.98,3,128,4.5048,28.658,3.206,147.433,24.535,0.3828,0.8977,6.743,55.4,True,0.1198,2.1726,2.0651,49;39,40;39,fp16,NVIDIA GeForce RTX 4060 Laptop GPU,0.1233,1.98,1;0;6,P5b
code,0,0.0,fixed:4,3.941,3,128,3.6524,35.744,6.283,191.558,61.271,0.2656,0.8785,6.743,55.4,True,0.1198,2.6427,2.571,34;28;24;21,28;25;21;20,fp16,NVIDIA GeForce RTX 4060 Laptop GPU,0.3255,3.941,2;1;0,P5b
code,0,0.0,fixed:6,5.769,3,128,3.1393,40.949,3.358,189.721,41.835,0.2031,0.9027,6.743,55.4,True,0.1198,3.0371,2.9556,25;20;19;18;16;15,20;19;18;16;15;14,fp16,NVIDIA GeForce RTX 4060 Laptop GPU,0.142,5.769,3;2;1,P5b
code,0,0.0,fixed:8,7.955,3,128,3.2514,39.652,3.997,222.742,21.417,0.1719,0.8983,6.743,55.4,True,0.1198,3.1072,2.8593,22;17;17;14;13;13;13;9,17;17;14;13;13;13;10;9,fp16,NVIDIA GeForce RTX 4060 Laptop GPU,0.1681,7.955,4;3;2,P5b
code,0,0.0,adaptive,6.0,3,128,3.3637,38.078,1.203,210.522,14.309,0.2109,0.8783,6.743,55.4,True,0.1198,2.8524,2.7549,27;21;20;17;12;10;7;1,21;20;18;15;11;9;6;1,fp16,NVIDIA GeForce RTX 4060 Laptop GPU,0.1679,6.0,5;4;3,P5b
code,0,0.0,adaedl:0.7,3.529,3,128,4.028,31.954,2.97,164.513,20.916,0.2656,0.9126,6.743,55.4,True,0.1198,2.7272,2.3092,34;19;14;11;8;7;5;5,25;19;14;11;8;7;5;5,fp16,NVIDIA GeForce RTX 4060 Laptop GPU,0.2048,3.529,6;5;4,P5b
code,0,0.7,baseline,,3,128,9.8512,13.047,1.015,81.526,17.95,1.0,,6.738,57.0,,0.081,1.0,1.0,,,fp16,NVIDIA GeForce RTX 4060 Laptop GPU,0.0,0.0,0;6;5,P5b
code,0,0.7,fixed:2,1.98,3,128,4.6391,28.831,7.145,148.487,28.994,0.3828,0.8876,6.738,57.0,,0.081,2.2926,2.19,49;40,41;38,fp16,NVIDIA GeForce RTX 4060 Laptop GPU,0.3826,1.98,1;0;6,P5b
code,0,0.7,fixed:4,4.0,3,128,3.5422,36.138,0.364,153.206,10.308,0.2656,0.8704,6.738,57.0,,0.081,2.9159,2.7798,34;28;24;22,28;24;22;20,fp16,NVIDIA GeForce RTX 4060 Laptop GPU,0.1925,4.0,2;1;0,P5b
code,0,0.7,fixed:6,5.739,3,128,2.7996,45.761,1.642,185.029,22.473,0.1797,0.9375,6.738,57.0,,0.081,3.8517,3.5162,22;21;19;18;16;16,21;19;18;16;16;15,fp16,NVIDIA GeForce RTX 4060 Laptop GPU,0.1818,5.739,3;2;1,P5b
code,0,0.7,fixed:8,7.65,3,128,2.6092,49.074,1.126,199.756,25.095,0.1562,0.9153,6.738,57.0,,0.081,3.898,3.7814,20;17;15;15;14;13;13;11,18;15;15;14;13;13;11;9,fp16,NVIDIA GeForce RTX 4060 Laptop GPU,0.3874,7.65,4;3;2,P5b
code,0,0.7,adaptive,6.957,3,128,2.9146,43.943,1.318,176.904,6.848,0.1797,0.9052,6.738,57.0,,0.081,3.6914,3.3799,23;18;17;15;14;11;10;8,18;17;16;14;14;11;8;7,fp16,NVIDIA GeForce RTX 4060 Laptop GPU,0.2446,6.957,5;4;3,P5b
code,0,0.7,adaedl:0.7,5.136,3,128,2.5138,51.201,4.754,142.4,25.787,0.1719,0.9636,6.738,57.0,,0.081,3.9479,3.9406,22;16;15;14;13;11;11;8,19;16;15;13;13;11;11;8,fp16,NVIDIA GeForce RTX 4060 Laptop GPU,0.4662,5.136,6;5;4,P5b
code,1,0.0,baseline,,3,128,9.9034,12.979,1.012,111.377,52.056,1.0,,6.743,49.6,True,0.0896,1.0,1.0,,,fp16,NVIDIA GeForce RTX 4060 Laptop GPU,0.0,0.0,0;6;5,P5b
code,1,0.0,fixed:2,1.977,3,128,4.5104,28.666,3.596,179.363,49.589,0.3438,0.9767,6.743,49.6,True,0.0896,2.4716,2.2101,44;42,43;41,fp16,NVIDIA GeForce RTX 4060 Laptop GPU,0.2284,1.977,1;0;6,P5b
code,1,0.0,fixed:4,3.857,3,128,3.7924,34.922,7.467,194.122,22.029,0.2188,0.9709,6.743,49.6,True,0.0896,3.4128,2.671,27;26;26;24,26;26;24;24,fp16,NVIDIA GeForce RTX 4060 Laptop GPU,0.3792,3.857,2;1;0,P5b
code,1,0.0,fixed:6,5.95,3,128,3.3138,42.179,13.644,249.3,93.611,0.1562,0.973,6.743,49.6,True,0.0896,4.1852,3.2073,20;19;19;18;18;17,19;19;18;18;18;16,fp16,NVIDIA GeForce RTX 4060 Laptop GPU,0.838,5.95,3;2;1,P5b
code,1,0.0,fixed:8,7.75,3,128,2.5719,51.162,9.757,274.061,117.853,0.125,0.9655,6.743,49.6,True,0.0896,4.5258,3.9195,16;16;16;15;14;14;13;12,16;16;15;15;14;13;12;11,fp16,NVIDIA GeForce RTX 4060 Laptop GPU,0.4915,7.75,4;3;2,P5b
code,1,0.0,adaptive,7.045,3,128,3.7997,35.954,10.179,216.682,90.985,0.1719,0.9217,6.743,49.6,False,0.0896,3.7675,2.7434,21;18;17;15;13;11;10;10,18;17;15;14;12;10;10;10,fp16,NVIDIA GeForce RTX 4060 Laptop GPU,0.6278,7.045,5;4;3,P5b
code,1,0.0,adaedl:0.7,3.607,3,128,3.4007,37.774,2.794,184.416,9.072,0.2188,0.9901,6.743,49.6,True,0.0896,3.4205,2.9164,27;16;13;11;10;9;8;7,26;16;13;11;10;9;8;7,fp16,NVIDIA GeForce RTX 4060 Laptop GPU,0.2106,3.607,6;5;4,P5b
code,1,0.7,baseline,,3,128,10.3357,12.671,2.441,86.538,23.226,1.0,,6.738,52.4,,0.1105,1.0,1.0,,,fp16,NVIDIA GeForce RTX 4060 Laptop GPU,0.0,0.0,0;6;5,P5b
code,1,0.7,fixed:2,2.0,3,128,4.1756,30.849,2.97,159.32,22.576,0.3594,0.9213,6.738,52.4,,0.1105,2.2688,2.4648,46;43,43;39,fp16,NVIDIA GeForce RTX 4060 Laptop GPU,0.2556,2.0,1;0;6,P5b
code,1,0.7,fixed:4,3.929,3,128,3.1227,41.848,6.993,189.092,37.427,0.2188,0.9524,6.738,52.4,,0.1105,3.1297,3.3386,28;27;26;24,27;27;24;22,fp16,NVIDIA GeForce RTX 4060 Laptop GPU,0.563,3.929,2;1;0,P5b
code,1,0.7,fixed:6,5.769,3,128,3.4319,38.561,8.021,206.621,79.751,0.2031,0.8947,6.738,52.4,,0.1105,3.0689,3.0625,25;21;20;17;17;14,21;20;17;17;14;13,fp16,NVIDIA GeForce RTX 4060 Laptop GPU,0.5585,5.769,3;2;1,P5b
code,1,0.7,fixed:8,7.81,3,128,3.0851,41.867,4.718,215.41,54.136,0.1641,0.9068,6.738,52.4,,0.1105,3.3264,3.3545,21;19;17;16;13;12;10;10,19;17;16;14;12;10;10;9,fp16,NVIDIA GeForce RTX 4060 Laptop GPU,0.509,7.81,4;3;2,P5b
code,1,0.7,adaptive,6.579,3,128,2.5093,51.288,4.73,180.656,28.341,0.1484,0.9646,6.738,52.4,,0.1105,3.9097,4.1489,19;17;15;14;13;12;12;11,17;16;15;14;13;12;12;10,fp16,NVIDIA GeForce RTX 4060 Laptop GPU,0.8638,6.579,5;4;3,P5b
code,1,0.7,adaedl:0.7,3.69,3,128,3.4258,37.848,5.075,162.693,14.685,0.2266,0.9429,6.738,52.4,,0.1105,2.9977,3.0308,29;21;17;14;10;5;5;4,26;20;17;13;10;5;4;4,fp16,NVIDIA GeForce RTX 4060 Laptop GPU,0.5032,3.69,6;5;4,P5b
code,2,0.0,baseline,,3,128,8.4168,15.226,0.641,82.326,23.441,1.0,,6.743,57.9,True,0.127,1.0,1.0,,,fp16,NVIDIA GeForce RTX 4060 Laptop GPU,0.0,0.0,0;6;5,P5b
code,2,0.0,fixed:2,1.977,3,128,3.8573,33.344,2.769,158.606,17.768,0.3438,0.9767,6.743,57.9,True,0.127,2.3253,2.1936,44;42,43;41,fp16,NVIDIA GeForce RTX 4060 Laptop GPU,0.2219,1.977,1;0;6,P5b
code,2,0.0,fixed:4,4.0,3,128,3.0423,42.437,4.671,187.583,37.252,0.2188,0.9524,6.743,57.9,True,0.127,3.0143,2.7819,28;27;27;23,27;27;23;23,fp16,NVIDIA GeForce RTX 4060 Laptop GPU,0.1984,4.0,2;1;0,P5b
code,2,0.0,fixed:6,5.909,3,128,2.5335,51.172,6.827,168.349,26.975,0.1719,0.9464,6.743,57.9,True,0.127,3.374,3.3523,22;20;20;19;16;15,20;20;19;17;15;15,fp16,NVIDIA GeForce RTX 4060 Laptop GPU,0.3169,5.909,3;2;1,P5b
code,2,0.0,fixed:8,7.75,3,128,2.1195,60.816,6.118,206.144,38.131,0.125,0.9655,6.743,57.9,True,0.127,3.8636,3.9876,16;16;16;15;14;14;13;12,16;16;15;15;14;13;12;11,fp16,NVIDIA GeForce RTX 4060 Laptop GPU,0.2385,7.75,4;3;2,P5b
code,2,0.0,adaptive,7.0,3,128,2.4179,53.818,8.795,168.89,62.784,0.1406,0.9565,6.743,57.9,True,0.127,3.6433,3.5251,18;18;18;16;14;12;11;8,18;18;16;16;13;12;9;8,fp16,NVIDIA GeForce RTX 4060 Laptop GPU,0.448,7.0,5;4;3,P5b
code,2,0.0,adaedl:0.7,5.143,3,128,2.749,48.257,11.221,175.439,28.797,0.1641,0.9907,6.743,57.9,True,0.127,3.6282,3.1633,21;17;16;16;12;10;8;8,20;17;16;16;12;10;8;8,fp16,NVIDIA GeForce RTX 4060 Laptop GPU,0.6675,5.143,6;5;4,P5b
code,2,0.7,baseline,,3,128,9.6834,13.342,1.621,93.309,21.92,1.0,,6.74,58.1,,0.0982,1.0,1.0,,,fp16,NVIDIA GeForce RTX 4060 Laptop GPU,0.0,0.0,0;6;5,P5b
code,2,0.7,fixed:2,2.0,3,128,4.3528,29.68,3.391,146.861,15.529,0.375,0.8889,6.74,58.1,,0.0982,2.2394,2.2634,48;42,42;38,fp16,NVIDIA GeForce RTX 4060 Laptop GPU,0.4869,2.0,1;0;6,P5b
code,2,0.7,fixed:4,3.909,3,128,3.6604,35.235,3.636,170.655,1.329,0.2578,0.8962,6.74,58.1,,0.0982,2.8971,2.6512,33;27;24;22,28;24;22;21,fp16,NVIDIA GeForce RTX 4060 Laptop GPU,0.2498,3.909,2;1;0,P5b
code,2,0.7,fixed:6,5.783,3,128,2.6975,47.549,2.635,174.135,8.969,0.1797,0.9375,6.74,58.1,,0.0982,3.6183,3.5832,23;20;18;18;17;16,21;18;18;17;16;15,fp16,NVIDIA GeForce RTX 4060 Laptop GPU,0.2524,5.783,3;2;1,P5b
code,2,0.7,fixed:8,7.55,3,128,2.626,48.874,3.077,185.795,7.012,0.1562,0.9153,6.74,58.1,,0.0982,3.5987,3.6929,19;18;18;16;15;13;10;9,18;18;16;15;13;10;9;9,fp16,NVIDIA GeForce RTX 4060 Laptop GPU,0.4316,7.55,4;3;2,P5b
code,2,0.7,adaptive,7.412,3,128,2.3105,55.62,4.267,150.722,19.581,0.1328,0.9737,6.74,58.1,,0.0982,4.4202,4.2008,17;17;17;15;14;12;11;11,17;17;15;15;13;12;11;11,fp16,NVIDIA GeForce RTX 4060 Laptop GPU,0.5066,7.412,5;4;3,P5b
code,2,0.7,adaedl:0.7,5.045,3,128,2.6912,47.882,4.926,196.52,21.978,0.1719,0.9815,6.74,58.1,,0.0982,3.8589,3.6349,22;17;16;14;12;10;9;8,21;17;15;14;12;10;9;8,fp16,NVIDIA GeForce RTX 4060 Laptop GPU,0.6557,5.045,6;5;4,P5b
code,3,0.0,baseline,,3,128,10.107,12.712,0.93,109.064,38.03,1.0,,6.744,55.4,True,0.1042,1.0,1.0,,,fp16,NVIDIA GeForce RTX 4060 Laptop GPU,0.0,0.0,0;6;5,P5b
code,3,0.0,fixed:2,1.959,3,128,4.5937,27.955,1.989,154.479,24.126,0.3828,0.8876,6.744,55.4,True,0.1042,2.1966,2.2152,48;41,41;38,fp16,NVIDIA GeForce RTX 4060 Laptop GPU,0.3309,1.959,1;0;6,P5b
code,3,0.0,fixed:4,3.879,3,128,4.0395,31.943,3.572,234.725,65.082,0.2578,0.8716,6.744,55.4,True,0.1042,2.709,2.5352,32;29;25;23,29;25;23;18,fp16,NVIDIA GeForce RTX 4060 Laptop GPU,0.4749,3.879,2;1;0,P5b
code,3,0.0,fixed:6,5.92,3,128,3.281,39.038,1.22,348.451,102.69,0.1953,0.9035,6.744,55.4,True,0.1042,3.2331,3.0785,25;23;20;18;14;14,23;20;18;15;14;13,fp16,NVIDIA GeForce RTX 4060 Laptop GPU,0.1609,5.92,3;2;1,P5b
code,3,0.0,fixed:8,7.909,3,128,3.1674,40.683,4.024,397.268,128.984,0.1719,0.8908,6.744,55.4,True,0.1042,3.2272,3.1989,22;20;18;16;13;12;10;8,20;18;16;13;12;11;8;8,fp16,NVIDIA GeForce RTX 4060 Laptop GPU,0.1758,7.909,4;3;2,P5b
code,3,0.0,adaptive,5.107,3,128,3.1297,40.914,1.004,171.564,45.462,0.2188,0.8772,6.744,55.4,True,0.1042,2.9266,3.2344,28;24;22;17;10;6;4;3,24;22;18;13;10;6;4;3,fp16,NVIDIA GeForce RTX 4060 Laptop GPU,0.3246,5.107,5;4;3,P5b
code,3,0.0,adaedl:0.7,3.5,3,128,3.3806,37.929,1.903,162.393,32.955,0.25,0.9505,6.744,55.4,True,0.1042,3.023,2.9992,32;19;14;11;8;7;5;5,27;19;14;11;8;7;5;5,fp16,NVIDIA GeForce RTX 4060 Laptop GPU,0.3346,3.5,6;5;4,P5b
code,3,0.7,baseline,,3,128,8.7588,14.746,1.755,79.314,13.872,1.0,,6.739,63.0,,0.1175,1.0,1.0,,,fp16,NVIDIA GeForce RTX 4060 Laptop GPU,0.0,0.0,0;6;5,P5b
code,3,0.7,fixed:2,2.0,3,128,4.3993,29.346,3.304,130.908,10.632,0.3984,0.828,6.739,63.0,,0.1175,2.0352,1.996,51;42,42;35,fp16,NVIDIA GeForce RTX 4060 Laptop GPU,0.1793,2.0,1;0;6,P5b
code,3,0.7,fixed:4,3.882,3,128,3.5171,36.561,3.017,201.475,30.914,0.2656,0.8624,6.739,63.0,,0.1175,2.5682,2.487,33;28;26;22,28;26;22;18,fp16,NVIDIA GeForce RTX 4060 Laptop GPU,0.1201,3.882,2;1;0,P5b
code,3,0.7,fixed:6,6.0,3,128,3.5953,35.717,2.447,336.255,102.499,0.2344,0.8305,6.739,63.0,,0.1175,2.5174,2.4429,30;24;20;17;16;11,24;20;17;16;11;10,fp16,NVIDIA GeForce RTX 4060 Laptop GPU,0.3192,6.0,3;2;1,P5b
code,3,0.7,fixed:8,8.0,3,128,3.1,41.486,3.422,363.456,52.026,0.1797,0.875,6.739,63.0,,0.1175,2.8839,2.8304,23;21;19;16;12;11;9;9,21;19;16;12;11;9;9;8,fp16,NVIDIA GeForce RTX 4060 Laptop GPU,0.3078,8.0,4;3;2,P5b
code,3,0.7,adaptive,5.071,3,128,2.9154,43.944,1.633,135.842,5.774,0.2188,0.885,6.739,63.0,,0.1175,2.8533,3.0122,28;26;20;17;9;6;4;3,26;21;17;14;9;6;4;3,fp16,NVIDIA GeForce RTX 4060 Laptop GPU,0.4186,5.071,5;4;3,P5b
code,3,0.7,adaedl:0.7,3.71,3,128,3.125,41.049,2.364,123.491,4.264,0.2422,0.9327,6.739,63.0,,0.1175,2.8947,2.7969,31;17;14;10;9;9;8;6,26;17;13;10;9;9;7;6,fp16,NVIDIA GeForce RTX 4060 Laptop GPU,0.1677,3.71,6;5;4,P5b
code,4,0.0,baseline,,3,128,8.5483,14.995,0.682,82.634,2.353,1.0,,6.743,63.0,True,0.1032,1.0,1.0,,,fp16,NVIDIA GeForce RTX 4060 Laptop GPU,0.0,0.0,0;6;5,P5b
code,4,0.0,fixed:2,1.962,3,128,4.1444,30.938,1.576,155.293,58.089,0.4141,0.7979,6.743,63.0,True,0.1032,2.0066,2.0663,52;42,42;33,fp16,NVIDIA GeForce RTX 4060 Laptop GPU,0.1422,1.962,1;0;6,P5b
code,4,0.0,fixed:4,3.919,3,128,3.5062,36.584,2.031,142.535,26.858,0.2891,0.8349,6.743,63.0,True,0.1032,2.5373,2.4456,37;28;23;21,29;23;21;18,fp16,NVIDIA GeForce RTX 4060 Laptop GPU,0.2232,3.919,2;1;0,P5b
code,4,0.0,fixed:6,5.818,3,128,3.965,32.536,3.506,198.92,21.242,0.2578,0.819,6.743,63.0,True,0.1032,2.5671,2.1722,32;23;18;17;15;11,23;18;17;15;11;11,fp16,NVIDIA GeForce RTX 4060 Laptop GPU,0.2406,5.818,3;2;1,P5b
code,4,0.0,fixed:8,7.821,3,128,3.4111,37.528,0.397,185.237,25.637,0.2188,0.8333,6.743,63.0,True,0.1032,2.6554,2.507,28;21;17;15;13;9;9;8,21;17;16;13;9;9;8;7,fp16,NVIDIA GeForce RTX 4060 Laptop GPU,0.1427,7.821,4;3;2,P5b
code,4,0.0,adaptive,5.118,3,128,3.5917,35.814,3.028,145.806,17.366,0.2656,0.8246,6.743,63.0,True,0.1032,2.584,2.3859,34;27;21;17;10;4;1,27;21;18;15;8;4;1,fp16,NVIDIA GeForce RTX 4060 Laptop GPU,0.11,5.118,5;4;3,P5b
code,4,0.0,adaedl:0.7,1.75,3,128,4.2719,30.201,3.189,171.44,38.725,0.4062,0.8837,6.743,63.0,True,0.1032,2.0993,2.0105,52;14;9;6;2;1;1;1,42;14;9;6;2;1;1;1,fp16,NVIDIA GeForce RTX 4060 Laptop GPU,0.1289,1.75,6;5;4,P5b
code,4,0.7,baseline,,3,128,11.0621,11.719,1.642,82.894,24.632,1.0,,6.738,59.2,,0.1248,1.0,1.0,,,fp16,NVIDIA GeForce RTX 4060 Laptop GPU,0.0,0.0,0;6;5,P5b
code,4,0.7,fixed:2,1.984,3,128,5.1133,25.133,1.923,176.27,38.421,0.4922,0.65,6.738,59.2,,0.1248,1.6569,2.1574,63;37,38;27,fp16,NVIDIA GeForce RTX 4060 Laptop GPU,0.1436,1.984,1;0;6,P5b
code,4,0.7,fixed:4,4.0,3,128,3.9001,32.982,2.803,166.494,36.859,0.2969,0.8036,6.738,59.2,,0.1248,2.258,2.8723,38;30;25;19,30;25;19;16,fp16,NVIDIA GeForce RTX 4060 Laptop GPU,0.6232,4.0,2;1;0,P5b
code,4,0.7,fixed:6,5.8,3,128,3.382,38.302,5.0,187.898,22.717,0.2344,0.8448,6.738,59.2,,0.1248,2.5508,3.3491,29;24;20;17;14;12,24;20;17;14;12;11,fp16,NVIDIA GeForce RTX 4060 Laptop GPU,0.8681,5.8,3;2;1,P5b
code,4,0.7,fixed:8,7.75,3,128,3.9586,32.427,2.15,195.093,41.448,0.25,0.7742,6.738,59.2,,0.1248,2.0115,2.817,31;23;19;15;13;10;8;5,23;19;15;13;10;8;5;3,fp16,NVIDIA GeForce RTX 4060 Laptop GPU,0.5555,7.75,4;3;2,P5b
code,4,0.7,adaptive,3.947,3,128,3.8612,33.165,0.846,148.424,11.876,0.2969,0.8257,6.738,59.2,,0.1248,2.3535,2.861,38;28;20;12;7;3;1,28;21;19;12;6;3;1,fp16,NVIDIA GeForce RTX 4060 Laptop GPU,0.3399,3.947,5;4;3,P5b
code,4,0.7,adaedl:0.7,1.981,3,128,4.8813,26.245,0.939,146.26,21.876,0.4219,0.7872,6.738,59.2,,0.1248,1.9216,2.2729,53;19;10;7;4;1,36;17;10;6;4;1,fp16,NVIDIA GeForce RTX 4060 Laptop GPU,0.3597,1.981,6;5;4,P5b
code,5,0.0,baseline,,3,128,9.9677,13.004,1.838,84.882,19.109,1.0,,6.743,59.2,True,0.1124,1.0,1.0,,,fp16,NVIDIA GeForce RTX 4060 Laptop GPU,0.0,0.0,0;6;5,P5b
code,5,0.0,fixed:2,2.0,3,128,4.1492,31.216,4.081,150.508,37.329,0.375,0.8989,6.743,59.2,True,0.1124,2.2101,2.4046,48;41,41;39,fp16,NVIDIA GeForce RTX 4060 Laptop GPU,0.1442,2.0,1;0;6,P5b
code,5,0.0,fixed:4,4.0,3,128,3.3225,39.209,6.064,179.652,35.934,0.2422,0.9151,6.743,59.2,True,0.1124,2.9112,3.0947,31;27;24;24,27;24;24;22,fp16,NVIDIA GeForce RTX 4060 Laptop GPU,0.8444,4.0,2;1;0,P5b
code,5,0.0,fixed:6,5.76,3,128,2.9304,43.688,0.716,165.66,23.678,0.1953,0.9196,6.743,59.2,True,0.1124,3.2662,3.3979,24;21;18;18;16;15,21;18;18;16;15;15,fp16,NVIDIA GeForce RTX 4060 Laptop GPU,0.4081,5.76,3;2;1,P5b
code,5,0.0,fixed:8,7.85,3,128,2.5929,49.479,2.944,195.919,17.477,0.1562,0.9153,6.743,59.2,True,0.1124,3.4059,3.8349,20;18;16;16;14;13;12;9,18;16;16;14;14;12;9;9,fp16,NVIDIA GeForce RTX 4060 Laptop GPU,0.3396,7.85,4;3;2,P5b
code,5,0.0,adaptive,6.435,3,128,2.9507,43.692,4.666,169.991,26.186,0.1797,0.913,6.743,59.2,True,0.1124,3.2803,3.371,23;22;17;15;12;10;10;6,22;18;16;13;12;10;8;6,fp16,NVIDIA GeForce RTX 4060 Laptop GPU,0.1409,6.435,5;4;3,P5b
code,5,0.0,adaedl:0.7,3.219,3,128,3.1746,40.65,4.606,157.483,43.709,0.25,0.9505,6.743,59.2,True,0.1124,2.8601,3.1368,32;19;14;12;10;8;4;2,27;19;14;12;10;8;4;2,fp16,NVIDIA GeForce RTX 4060 Laptop GPU,0.1885,3.219,6;5;4,P5b
code,5,0.7,baseline,,3,128,11.2799,11.608,2.222,89.634,23.839,1.0,,6.739,54.6,,0.1317,1.0,1.0,,,fp16,NVIDIA GeForce RTX 4060 Laptop GPU,0.0,0.0,0;6;5,P5b
code,5,0.7,fixed:2,1.956,3,128,4.5087,29.057,5.673,180.576,45.159,0.3516,0.9651,6.739,54.6,,0.1317,2.2711,2.5056,44;42,42;41,fp16,NVIDIA GeForce RTX 4060 Laptop GPU,0.1562,1.956,1;0;6,P5b
code,5,0.7,fixed:4,3.879,3,128,3.6012,35.765,3.364,179.944,67.773,0.2578,0.8796,6.739,54.6,,0.1317,2.5578,3.1233,32;29;25;22,29;25;22;19,fp16,NVIDIA GeForce RTX 4060 Laptop GPU,0.3765,3.879,2;1;0,P5b
code,5,0.7,fixed:6,5.87,3,128,3.041,42.413,4.628,250.387,69.976,0.1797,0.9292,6.739,54.6,,0.1317,3.1563,3.6897,23;21;20;17;16;16,21;20;18;16;16;14,fp16,NVIDIA GeForce RTX 4060 Laptop GPU,0.2816,5.87,3;2;1,P5b
code,5,0.7,fixed:8,7.708,3,128,3.4717,36.917,1.641,260.86,84.273,0.1875,0.8739,6.739,54.6,,0.1317,2.7193,3.2364,24;20;18;15;13;10;10;9,20;18;15;14;10;10;9;8,fp16,NVIDIA GeForce RTX 4060 Laptop GPU,0.4389,7.708,4;3;2,P5b
code,5,0.7,adaptive,6.042,3,128,3.2087,39.893,0.355,175.657,17.812,0.1875,0.8966,6.739,54.6,,0.1317,2.8885,3.5157,24;22;20;16;14;11;7;2,22;21;17;15;12;10;6;1,fp16,NVIDIA GeForce RTX 4060 Laptop GPU,0.6234,6.042,5;4;3,P5b
code,5,0.7,adaedl:0.7,4.414,3,128,3.6379,35.444,3.623,160.45,3.85,0.2266,0.934,6.739,54.6,,0.1317,2.961,3.1609,29;21;15;12;11;7;6;5,24;20;14;12;11;7;6;5,fp16,NVIDIA GeForce RTX 4060 Laptop GPU,0.8448,4.414,6;5;4,P5b
math,0,0.0,baseline,,3,128,10.2118,13.344,3.715,67.086,12.042,1.0,,6.743,57.8,True,0.0565,1.0,1.0,,,fp16,NVIDIA GeForce RTX 4060 Laptop GPU,0.0,0.0,0;6;5,P5b
math,0,0.0,fixed:2,1.956,3,128,4.0707,33.059,8.339,143.717,21.025,0.3516,0.9651,6.743,57.8,True,0.0565,2.5715,2.4926,44;42,42;41,fp16,NVIDIA GeForce RTX 4060 Laptop GPU,0.0828,1.956,1;0;6,P5b
math,0,0.0,fixed:4,3.893,3,128,2.585,49.559,1.796,148.514,17.002,0.2188,0.9615,6.743,57.8,True,0.0565,3.7209,3.9293,28;26;25;25,27;25;25;23,fp16,NVIDIA GeForce RTX 4060 Laptop GPU,1.1688,3.893,2;1;0,P5b
math,0,0.0,fixed:6,5.818,3,128,2.3729,54.206,4.509,181.606,39.691,0.1719,0.955,6.743,57.8,True,0.0565,4.5048,4.246,22;20;18;18;17;16,20;19;18;17;16;16,fp16,NVIDIA GeForce RTX 4060 Laptop GPU,0.9911,5.818,3;2;1,P5b
math,0,0.0,fixed:8,7.882,3,128,2.0347,62.92,1.03,175.27,14.373,0.1328,0.9652,6.743,57.8,True,0.0565,5.3657,5.0289,17;16;16;15;14;13;12;12,16;16;15;14;13;13;12;12,fp16,NVIDIA GeForce RTX 4060 Laptop GPU,1.6982,7.882,4;3;2,P5b
math,0,0.0,adaptive,7.333,3,128,2.0849,61.423,1.6,145.791,13.296,0.1406,0.9649,6.743,57.8,True,0.0565,5.1865,4.9279,18;17;16;14;14;13;11;11,17;16;15;14;13;13;11;11,fp16,NVIDIA GeForce RTX 4060 Laptop GPU,1.7551,7.333,5;4;3,P5b
math,0,0.0,adaedl:0.7,4.667,3,128,2.4413,52.704,4.536,179.374,16.985,0.1875,0.9905,6.743,57.8,True,0.0565,4.3852,4.126,24;17;14;14;11;9;8;8,23;17;14;14;11;9;8;8,fp16,NVIDIA GeForce RTX 4060 Laptop GPU,0.9497,4.667,6;5;4,P5b
math,0,0.7,baseline,,3,128,13.9114,9.208,0.308,307.35,106.916,1.0,,6.738,37.4,,0.0585,1.0,1.0,,,fp16,NVIDIA GeForce RTX 4060 Laptop GPU,0.0,0.0,0;6;5,P5b
math,0,0.7,fixed:2,1.979,3,128,6.1767,21.505,5.366,268.004,139.425,0.3672,0.9101,6.738,37.4,,0.0585,2.4391,2.3282,47;42,43;38,fp16,NVIDIA GeForce RTX 4060 Laptop GPU,0.5244,1.979,1;0;6,P5b
math,0,0.7,fixed:4,3.862,3,128,5.346,24.009,1.569,376.821,149.604,0.2266,0.9612,6.738,37.4,,0.0585,3.6791,2.6066,28;26;25;24,26;25;24;24,fp16,NVIDIA GeForce RTX 4060 Laptop GPU,0.1208,3.862,2;1;0,P5b
math,0,0.7,fixed:6,5.957,3,128,4.5777,28.136,2.791,539.786,136.921,0.1797,0.9292,6.738,37.4,,0.0585,4.1893,3.0534,23;20;19;18;17;16,20;19;18;17;17;14,fp16,NVIDIA GeForce RTX 4060 Laptop GPU,0.2429,5.957,3;2;1,P5b
math,0,0.7,fixed:8,7.9,3,128,4.4941,28.482,0.138,513.867,32.813,0.1562,0.9231,6.738,37.4,,0.0585,4.5295,3.0953,20;17;16;16;14;13;11;10,17;16;16;14;13;12;10;10,fp16,NVIDIA GeForce RTX 4060 Laptop GPU,0.0982,7.9,4;3;2,P5b
math,0,0.7,adaptive,6.947,3,128,3.7284,34.343,0.806,385.664,115.248,0.1484,0.9561,6.738,37.4,,0.0585,4.8601,3.7345,18;16;16;15;13;13;12;11,16;16;16;13;13;13;11;11,fp16,NVIDIA GeForce RTX 4060 Laptop GPU,0.2159,6.947,5;4;3,P5b
math,0,0.7,adaedl:0.7,6.053,3,116,3.9029,30.084,4.155,527.894,6.11,0.1638,0.9703,6.738,37.4,,0.0585,4.7624,3.2613,19;16;13;12;11;11;10;9,17;15;13;12;11;11;10;9,fp16,NVIDIA GeForce RTX 4060 Laptop GPU,0.3638,6.053,6;5;4,P5b
math,1,0.0,baseline,,3,128,12.9937,9.856,0.277,355.184,23.348,1.0,,6.744,37.4,True,0.0845,1.0,1.0,,,fp16,NVIDIA GeForce RTX 4060 Laptop GPU,0.0,0.0,0;6;5,P5b
math,1,0.0,fixed:2,1.978,3,128,6.2918,20.366,0.811,281.749,166.27,0.3594,0.9425,6.744,37.4,True,0.0845,2.4093,2.0673,46;41,42;40,fp16,NVIDIA GeForce RTX 4060 Laptop GPU,0.0976,1.978,1;0;6,P5b
math,1,0.0,fixed:4,4.0,3,128,4.8253,26.595,1.629,371.473,120.082,0.2266,0.934,6.744,37.4,True,0.0845,3.2748,2.7028,29;28;25;24,28;25;24;22,fp16,NVIDIA GeForce RTX 4060 Laptop GPU,0.2389,4.0,2;1;0,P5b
math,1,0.0,fixed:6,5.909,3,128,4.4979,28.486,1.106,448.26,104.442,0.1719,0.9381,6.744,37.4,True,0.0845,3.845,2.8897,22;21;19;18;17;16,21;19;18;18;16;14,fp16,NVIDIA GeForce RTX 4060 Laptop GPU,0.0398,5.909,3;2;1,P5b
math,1,0.0,fixed:8,7.789,3,128,5.0278,25.906,4.119,638.987,209.241,0.1484,0.9478,6.744,37.4,True,0.0845,4.3412,2.6375,19;16;15;14;13;13;13;12,16;15;14;14;13;13;12;12,fp16,NVIDIA GeForce RTX 4060 Laptop GPU,0.4894,7.789,4;3;2,P5b
math,1,0.0,adaptive,7.048,3,128,4.674,27.474,1.898,418.939,94.45,0.1641,0.9304,6.744,37.4,True,0.0845,3.9662,2.7855,21;19;18;15;12;12;10;8,19;18;15;14;12;12;9;8,fp16,NVIDIA GeForce RTX 4060 Laptop GPU,0.1189,7.048,5;4;3,P5b
math,1,0.0,adaedl:0.7,5.0,3,128,4.8731,26.347,1.776,475.214,29.239,0.1953,0.9717,6.744,37.4,True,0.0845,3.9303,2.6778,25;15;13;13;11;11;9;9,22;15;13;13;11;11;9;9,fp16,NVIDIA GeForce RTX 4060 Laptop GPU,0.2537,5.0,6;5;4,P5b
math,1,0.7,baseline,,3,128,12.8661,9.958,0.381,355.925,48.355,1.0,,6.739,42.6,,0.0794,1.0,1.0,,,fp16,NVIDIA GeForce RTX 4060 Laptop GPU,0.0,0.0,0;6;5,P5b
math,1,0.7,fixed:2,2.0,3,128,5.4341,23.671,2.005,233.515,149.972,0.3438,0.9655,6.739,42.6,,0.0794,2.5004,2.3742,44;43,43;41,fp16,NVIDIA GeForce RTX 4060 Laptop GPU,0.1125,2.0,1;0;6,P5b
math,1,0.7,fixed:4,3.893,3,128,3.6515,35.082,1.215,293.226,59.872,0.2188,0.9615,6.739,42.6,,0.0794,3.4675,3.5294,28;26;25;25,27;25;25;23,fp16,NVIDIA GeForce RTX 4060 Laptop GPU,0.2574,3.893,2;1;0,P5b
math,1,0.7,fixed:6,5.792,3,128,3.6573,35.098,2.339,345.518,119.601,0.1875,0.9286,6.739,42.6,,0.0794,3.792,3.5337,24;22;19;16;16;15,22;19;17;16;15;15,fp16,NVIDIA GeForce RTX 4060 Laptop GPU,0.3706,5.792,3;2;1,P5b
math,1,0.7,fixed:8,7.667,3,128,4.5501,29.16,6.874,495.763,214.294,0.1641,0.9304,6.739,42.6,,0.0794,4.1513,2.9488,21;18;15;13;12;12;12;12,18;15;14;12;12;12;12;12,fp16,NVIDIA GeForce RTX 4060 Laptop GPU,0.8106,7.667,4;3;2,P5b
math,1,0.7,adaptive,7.158,3,128,3.541,36.161,0.834,447.571,92.849,0.1484,0.9561,6.739,42.6,,0.0794,4.4537,3.6367,19;18;14;14;13;13;12;11,19;14;14;14;13;13;11;11,fp16,NVIDIA GeForce RTX 4060 Laptop GPU,0.2193,7.158,5;4;3,P5b
math,1,0.7,adaedl:0.7,5.737,3,128,3.3525,38.187,0.591,389.71,14.441,0.1484,1.0,6.739,42.6,,0.0794,4.6277,3.8393,19;16;15;14;13;12;10;10,19;16;15;14;13;12;10;10,fp16,NVIDIA GeForce RTX 4060 Laptop GPU,0.1879,5.737,6;5;4,P5b
math,2,0.0,baseline,,3,128,13.8167,9.299,0.685,235.263,124.12,1.0,,6.744,40.3,True,0.0633,1.0,1.0,,,fp16,NVIDIA GeForce RTX 4060 Laptop GPU,0.0,0.0,0;6;5,P5b
math,2,0.0,fixed:2,1.957,3,128,5.5235,23.986,5.253,342.325,164.798,0.3672,0.9205,6.744,40.3,True,0.0633,2.4316,2.5624,46;42,42;39,fp16,NVIDIA GeForce RTX 4060 Laptop GPU,0.4057,1.957,1;0;6,P5b
math,2,0.0,fixed:4,3.867,3,128,4.698,28.051,6.173,441.443,221.489,0.2344,0.9333,6.744,40.3,True,0.0633,3.4367,3.009,29;26;26;24,26;26;24;22,fp16,NVIDIA GeForce RTX 4060 Laptop GPU,0.5517,3.867,2;1;0,P5b
math,2,0.0,fixed:6,5.792,3,128,4.3285,29.831,3.355,463.693,197.015,0.1875,0.9286,6.744,40.3,True,0.0633,4.051,3.2225,24;19;19;18;17;15,20;19;18;17;15;15,fp16,NVIDIA GeForce RTX 4060 Laptop GPU,0.4544,5.792,3;2;1,P5b
math,2,0.0,fixed:8,7.9,3,128,4.2541,30.881,6.405,453.619,149.555,0.1562,0.931,6.744,40.3,True,0.0633,4.5482,3.3174,20;17;15;15;14;13;11;11,17;15;15;14;13;12;11;11,fp16,NVIDIA GeForce RTX 4060 Laptop GPU,0.5935,7.9,4;3;2,P5b
math,2,0.0,adaptive,7.4,3,128,4.2407,30.462,3.675,482.659,11.914,0.1562,0.9391,6.744,40.3,True,0.0633,4.5858,3.2757,20;17;16;15;14;13;10;10,17;16;16;14;13;12;10;10,fp16,NVIDIA GeForce RTX 4060 Laptop GPU,0.3007,7.4,5;4;3,P5b
math,2,0.0,adaedl:0.7,4.808,3,128,4.537,28.624,4.371,459.271,89.052,0.2031,0.9623,6.744,40.3,True,0.0633,4.0672,3.0754,26;18;15;14;11;9;7;6,23;18;15;13;11;9;7;6,fp16,NVIDIA GeForce RTX 4060 Laptop GPU,0.3667,4.808,6;5;4,P5b
math,2,0.7,baseline,,3,128,13.1375,9.766,0.57,194.129,35.398,1.0,,6.738,45.1,,0.0869,1.0,1.0,,,fp16,NVIDIA GeForce RTX 4060 Laptop GPU,0.0,0.0,0;6;5,P5b
math,2,0.7,fixed:2,1.956,3,128,4.8017,26.799,2.334,187.016,44.5,0.3516,0.9651,6.738,45.1,,0.0869,2.441,2.7555,44;42,42;41,fp16,NVIDIA GeForce RTX 4060 Laptop GPU,0.358,1.956,1;0;6,P5b
math,2,0.7,fixed:4,4.0,3,128,3.8819,33.261,3.872,354.91,138.677,0.2344,0.9245,6.738,45.1,,0.0869,3.1909,3.4071,30;26;25;25,26;25;25;22,fp16,NVIDIA GeForce RTX 4060 Laptop GPU,0.3489,4.0,2;1;0,P5b
math,2,0.7,fixed:6,5.909,3,128,3.4123,37.674,3.066,347.588,127.069,0.1719,0.955,6.738,45.1,,0.0869,4.0001,3.8662,22;19;19;19;16;16,19;19;19;17;16;16,fp16,NVIDIA GeForce RTX 4060 Laptop GPU,0.3727,5.909,3;2;1,P5b
math,2,0.7,fixed:8,7.579,3,128,3.1948,40.204,2.866,304.859,57.897,0.1484,0.9561,6.738,45.1,,0.0869,4.3903,4.1166,18;17;14;13;13;13;13;13,17;14;13;13;13;13;13;13,fp16,NVIDIA GeForce RTX 4060 Laptop GPU,0.163,7.579,4;3;2,P5b
math,2,0.7,adaptive,6.565,3,128,3.8043,33.65,0.452,454.8,50.926,0.1797,0.913,6.738,45.1,,0.0869,3.643,3.4553,23;18;16;15;14;12;9;8,18;17;16;15;13;9;9;8,fp16,NVIDIA GeForce RTX 4060 Laptop GPU,0.2489,6.565,5;4;3,P5b
math,2,0.7,adaedl:0.7,4.957,3,128,3.3247,38.529,1.32,348.023,68.098,0.1797,0.9722,6.738,45.1,,0.0869,3.8868,3.9594,23;18;14;14;13;9;9;8,21;17;14;14;13;9;9;8,fp16,NVIDIA GeForce RTX 4060 Laptop GPU,0.3669,4.957,6;5;4,P5b
math,3,0.0,baseline,,3,128,14.0959,9.088,0.317,280.444,95.297,1.0,,6.743,40.2,True,0.0773,1.0,1.0,,,fp16,NVIDIA GeForce RTX 4060 Laptop GPU,0.0,0.0,0;6;5,P5b
math,3,0.0,fixed:2,1.978,3,128,6.0055,23.182,7.292,190.135,36.477,0.3594,0.9425,6.743,40.2,True,0.0773,2.4393,2.5486,46;41,42;40,fp16,NVIDIA GeForce RTX 4060 Laptop GPU,0.7924,1.978,1;0;6,P5b
math,3,0.0,fixed:4,3.871,3,128,4.4068,29.5,4.289,284.382,77.794,0.2422,0.9238,6.743,40.2,True,0.0773,3.2356,3.2464,30;27;24;24,27;24;24;22,fp16,NVIDIA GeForce RTX 4060 Laptop GPU,0.4662,3.871,2;1;0,P5b
math,3,0.0,fixed:6,5.913,3,128,4.0951,31.628,4.044,479.544,97.136,0.1797,0.9292,6.743,40.2,True,0.0773,3.8596,3.4796,23;21;19;18;17;15,21;19;18;18;15;14,fp16,NVIDIA GeForce RTX 4060 Laptop GPU,0.4242,5.913,3;2;1,P5b
math,3,0.0,fixed:8,7.947,3,128,4.1651,32.639,8.879,445.744,30.075,0.1484,0.9316,6.743,40.2,True,0.0773,4.2534,3.5881,19;17;16;14;14;14;13;10,17;16;14;14;14;13;11;10,fp16,NVIDIA GeForce RTX 4060 Laptop GPU,0.9562,7.947,4;3;2,P5b
math,3,0.0,adaptive,7.3,3,128,3.7239,35.419,7.03,411.057,156.95,0.1562,0.9391,6.743,40.2,True,0.0773,4.2672,3.8947,20;18;17;14;14;13;10;9,18;17;15;14;14;11;10;9,fp16,NVIDIA GeForce RTX 4060 Laptop GPU,0.7453,7.3,5;4;3,P5b
math,3,0.0,adaedl:0.7,3.655,3,128,4.2615,30.541,4.603,423.99,59.693,0.2266,0.9706,6.743,40.2,True,0.0773,3.44,3.3596,29;20;13;11;9;7;7;6,26;20;13;11;9;7;7;6,fp16,NVIDIA GeForce RTX 4060 Laptop GPU,0.4847,3.655,6;5;4,P5b
math,3,0.7,baseline,,3,128,13.2224,9.684,0.239,258.912,52.951,1.0,,6.738,38.4,,0.0688,1.0,1.0,,,fp16,NVIDIA GeForce RTX 4060 Laptop GPU,0.0,0.0,0;6;5,P5b
math,3,0.7,fixed:2,1.956,3,128,5.8188,22.059,1.431,299.456,174.788,0.3516,0.9651,6.738,38.4,,0.0688,2.5171,2.2803,44;42,42;41,fp16,NVIDIA GeForce RTX 4060 Laptop GPU,0.1928,1.956,1;0;6,P5b
math,3,0.7,fixed:4,3.967,3,128,4.7588,27.142,3.171,353.696,89.246,0.2344,0.9333,6.738,38.4,,0.0688,3.4187,2.8092,30;27;25;23,27;25;24;22,fp16,NVIDIA GeForce RTX 4060 Laptop GPU,0.398,3.967,2;1;0,P5b
math,3,0.7,fixed:6,5.72,3,128,4.445,29.226,4.508,464.708,45.718,0.1953,0.9115,6.738,38.4,,0.0688,3.7582,3.0263,25;21;18;17;16;16,21;19;17;16;16;14,fp16,NVIDIA GeForce RTX 4060 Laptop GPU,0.5422,5.72,3;2;1,P5b
math,3,0.7,fixed:8,7.9,3,128,4.205,31.353,6.808,446.061,94.979,0.1562,0.9,6.738,38.4,,0.0688,3.9419,3.2502,20;17;17;16;16;15;11;8,17;17;16;16;15;12;8;7,fp16,NVIDIA GeForce RTX 4060 Laptop GPU,0.7878,7.9,4;3;2,P5b
math,3,0.7,adaptive,7.136,3,128,5.0981,25.708,4.712,490.308,59.223,0.1719,0.9138,6.738,38.4,,0.0688,4.0437,2.6635,22;18;16;14;14;13;11;8,19;16;15;14;14;11;9;8,fp16,NVIDIA GeForce RTX 4060 Laptop GPU,0.5509,7.136,5;4;3,P5b
math,3,0.7,adaedl:0.7,4.269,3,128,5.0525,25.393,1.472,506.869,64.99,0.2031,0.9714,6.738,38.4,,0.0688,3.832,2.6252,25;16;15;12;11;10;8;8,23;16;15;12;11;10;8;7,fp16,NVIDIA GeForce RTX 4060 Laptop GPU,0.2078,4.269,6;5;4,P5b
math,4,0.0,baseline,,3,128,14.3514,8.965,0.777,258.54,103.164,1.0,,6.744,36.7,True,0.0638,1.0,1.0,,,fp16,NVIDIA GeForce RTX 4060 Laptop GPU,0.0,0.0,0;6;5,P5b
math,4,0.0,fixed:2,1.978,3,128,7.3357,17.941,3.705,325.155,153.081,0.3594,0.9425,6.744,36.7,True,0.0638,2.4968,1.9882,46;41,42;40,fp16,NVIDIA GeForce RTX 4060 Laptop GPU,0.2442,1.978,1;0;6,P5b
math,4,0.0,fixed:4,3.867,3,128,6.3186,21.086,4.943,313.272,187.14,0.2344,0.9333,6.744,36.7,True,0.0638,3.4312,2.3315,30;27;25;23,28;25;23;22,fp16,NVIDIA GeForce RTX 4060 Laptop GPU,0.3575,3.867,2;1;0,P5b
math,4,0.0,fixed:6,5.783,3,128,5.844,22.457,4.499,576.651,85.365,0.1797,0.9375,6.744,36.7,True,0.0638,4.1429,2.4911,23;19;19;18;18;15,20;19;18;18;15;15,fp16,NVIDIA GeForce RTX 4060 Laptop GPU,0.3019,5.783,3;2;1,P5b
math,4,0.0,fixed:8,7.632,3,128,5.3876,24.995,7.346,557.016,185.676,0.1484,0.9316,6.744,36.7,True,0.0638,4.498,2.7624,19;16;16;14;14;14;13;11,17;16;14;14;14;13;11;10,fp16,NVIDIA GeForce RTX 4060 Laptop GPU,0.6006,7.632,4;3;2,P5b
math,4,0.0,adaptive,7.15,3,128,5.6507,24.25,8.034,581.505,151.164,0.1562,0.931,6.744,36.7,True,0.0638,4.395,2.6702,20;17;17;14;14;13;11;10,18;17;15;14;13;12;10;9,fp16,NVIDIA GeForce RTX 4060 Laptop GPU,0.666,7.15,5;4;3,P5b
math,4,0.0,adaedl:0.7,4.846,3,128,5.3324,24.19,2.651,529.505,145.735,0.2031,0.9714,6.744,36.7,True,0.0638,4.1669,2.6961,26;18;14;10;10;10;9;8,23;18;14;10;10;10;9;8,fp16,NVIDIA GeForce RTX 4060 Laptop GPU,0.1071,4.846,6;5;4,P5b
math,4,0.7,baseline,,3,128,13.5072,9.478,0.148,341.315,46.377,1.0,,6.739,38.0,,0.0635,1.0,1.0,,,fp16,NVIDIA GeForce RTX 4060 Laptop GPU,0.0,0.0,0;6;5,P5b
math,4,0.7,fixed:2,1.977,3,128,5.8062,22.102,1.395,261.998,154.406,0.3438,0.9655,6.739,38.0,,0.0635,2.556,2.3334,44;43,44;40,fp16,NVIDIA GeForce RTX 4060 Laptop GPU,0.1752,1.977,1;0;6,P5b
math,4,0.7,fixed:4,3.857,3,128,4.2978,30.301,4.715,365.836,163.063,0.2188,0.9709,6.739,38.0,,0.0635,3.6885,3.1951,27;27;25;24,27;25;24;24,fp16,NVIDIA GeForce RTX 4060 Laptop GPU,0.4746,3.857,2;1;0,P5b
math,4,0.7,fixed:6,5.727,3,128,4.3177,29.715,1.785,570.389,20.814,0.1719,0.9636,6.739,38.0,,0.0635,4.4481,3.137,21;20;18;17;17;17,20;18;17;17;17;17,fp16,NVIDIA GeForce RTX 4060 Laptop GPU,0.2245,5.727,3;2;1,P5b
math,4,0.7,fixed:8,7.632,3,128,4.1267,31.403,4.434,599.193,63.688,0.1484,0.9316,6.739,38.0,,0.0635,4.5059,3.3175,19;16;15;15;15;13;13;11,17;15;15;15;13;13;11;10,fp16,NVIDIA GeForce RTX 4060 Laptop GPU,0.5116,7.632,4;3;2,P5b
math,4,0.7,adaptive,7.333,3,128,3.7649,34.363,4.489,471.058,43.943,0.1406,0.9565,6.739,38.0,,0.0635,4.8581,3.6303,18;18;16;14;13;12;12;12,18;17;14;13;13;12;12;11,fp16,NVIDIA GeForce RTX 4060 Laptop GPU,0.5245,7.333,5;4;3,P5b
math,4,0.7,adaedl:0.7,4.625,3,128,4.5205,28.678,4.059,490.747,54.502,0.1875,0.963,6.739,38.0,,0.0635,3.992,3.0281,24;20;16;13;11;10;7;7,23;19;16;13;11;9;7;6,fp16,NVIDIA GeForce RTX 4060 Laptop GPU,0.448,4.625,6;5;4,P5b
math,5,0.0,baseline,,3,128,13.7244,9.333,0.314,373.962,29.776,1.0,,6.744,39.0,True,0.1022,1.0,1.0,,,fp16,NVIDIA GeForce RTX 4060 Laptop GPU,0.0,0.0,0;6;5,P5b
math,5,0.0,fixed:2,1.977,3,128,6.3286,20.425,2.555,268.817,144.872,0.3359,1.0,6.744,39.0,True,0.1022,2.4763,2.1932,43;42,43;42,fp16,NVIDIA GeForce RTX 4060 Laptop GPU,0.317,1.977,1;0;6,P5b
math,5,0.0,fixed:4,3.963,3,128,4.6872,28.053,5.315,387.368,163.757,0.2109,0.9806,6.744,39.0,True,0.1022,3.3988,3.0204,27;26;26;24,26;26;25;24,fp16,NVIDIA GeForce RTX 4060 Laptop GPU,0.6594,3.963,2;1;0,P5b
math,5,0.0,fixed:6,6.0,3,128,3.5918,35.802,3.033,453.615,165.542,0.1484,0.9909,6.744,39.0,True,0.1022,4.2223,3.8443,19;19;18;18;18;18,19;18;18;18;18;18,fp16,NVIDIA GeForce RTX 4060 Laptop GPU,0.4307,6.0,3;2;1,P5b
math,5,0.0,fixed:8,7.75,3,128,3.8857,33.204,3.581,510.881,30.477,0.125,0.9825,6.744,39.0,True,0.1022,4.563,3.5683,16;16;16;14;13;13;13;13,16;16;14;14;13;13;13;13,fp16,NVIDIA GeForce RTX 4060 Laptop GPU,0.4929,7.75,4;3;2,P5b
math,5,0.0,adaptive,7.438,3,128,3.8357,34.078,5.825,476.012,36.76,0.125,0.9825,6.744,39.0,True,0.1022,4.492,3.6496,16;16;16;15;13;13;13;12,16;16;15;15;13;13;13;11,fp16,NVIDIA GeForce RTX 4060 Laptop GPU,0.6104,7.438,5;4;3,P5b
math,5,0.0,adaedl:0.7,5.5,3,128,3.9587,32.773,4.788,441.851,99.779,0.1562,0.9908,6.744,39.0,True,0.1022,4.0572,3.516,20;16;16;13;13;11;11;9,19;16;16;13;13;11;11;9,fp16,NVIDIA GeForce RTX 4060 Laptop GPU,0.5518,5.5,6;5;4,P5b
math,5,0.7,baseline,,3,128,14.3596,8.923,0.349,343.11,53.538,1.0,,6.74,39.0,,0.0994,1.0,1.0,,,fp16,NVIDIA GeForce RTX 4060 Laptop GPU,0.0,0.0,0;6;5,P5b
math,5,0.7,fixed:2,2.0,3,128,5.7013,22.704,2.902,251.588,110.647,0.3359,0.9884,6.74,39.0,,0.0994,2.4735,2.5416,43;43,43;42,fp16,NVIDIA GeForce RTX 4060 Laptop GPU,0.2793,2.0,1;0;6,P5b
math,5,0.7,fixed:4,4.0,3,128,4.3185,30.19,4.759,354.07,118.804,0.2188,0.9615,6.74,39.0,,0.0994,3.3127,3.3988,28;27;25;24,27;25;24;24,fp16,NVIDIA GeForce RTX 4060 Laptop GPU,0.6435,4.0,2;1;0,P5b
math,5,0.7,fixed:6,5.6,3,128,3.7628,34.426,4.44,444.969,67.171,0.1562,0.9818,6.74,39.0,,0.0994,4.03,3.8739,19;19;19;19;17;17,19;19;19;17;17;17,fp16,NVIDIA GeForce RTX 4060 Laptop GPU,0.6337,5.6,3;2;1,P5b
math,5,0.7,fixed:8,7.562,3,128,3.3688,38.136,2.783,418.727,168.023,0.125,0.9739,6.74,39.0,,0.0994,4.4324,4.2855,16;15;15;14;14;14;14;13,16;15;14;14;14;14;13;12,fp16,NVIDIA GeForce RTX 4060 Laptop GPU,0.4638,7.562,4;3;2,P5b
math,5,0.7,adaptive,7.0,3,128,4.5298,28.401,2.421,489.218,31.26,0.1641,0.9304,6.74,39.0,,0.0994,3.7156,3.1804,20;18;15;14;14;12;12;10,18;15;15;14;13;12;11;9,fp16,NVIDIA GeForce RTX 4060 Laptop GPU,0.1918,7.0,5;4;3,P5b
math,5,0.7,adaedl:0.7,7.0,3,128,3.4816,37.096,4.162,555.636,28.178,0.125,1.0,6.74,39.0,,0.0994,4.7175,4.1498,16;16;15;15;13;13;12;12,16;16;15;15;13;13;12;12,fp16,NVIDIA GeForce RTX 4060 Laptop GPU,0.3215,7.0,6;5;4,P5b
chat,0,0.0,baseline,,3,128,13.5488,9.454,0.316,236.256,132.853,1.0,,6.743,40.9,True,0.1103,1.0,1.0,,,fp16,NVIDIA GeForce RTX 4060 Laptop GPU,0.0,0.0,0;6;5,P5b
chat,0,0.0,fixed:2,1.981,3,128,6.5196,20.336,4.516,309.011,164.049,0.4141,0.7895,6.743,40.9,True,0.1103,1.9716,2.1437,53;42,43;32,fp16,NVIDIA GeForce RTX 4060 Laptop GPU,0.4179,1.981,1;0;6,P5b
chat,0,0.0,fixed:4,4.0,3,128,6.3772,21.036,5.943,371.778,167.202,0.3125,0.7652,6.743,40.9,True,0.1103,2.1802,2.213,40;34;23;18,34;23;18;13,fp16,NVIDIA GeForce RTX 4060 Laptop GPU,0.5446,4.0,2;1;0,P5b
chat,0,0.0,fixed:6,5.943,3,128,5.8912,22.446,4.705,354.053,131.483,0.2734,0.7686,6.743,40.9,True,0.1103,2.1908,2.3685,35;31;21;15;10;9,31;21;15;11;9;6,fp16,NVIDIA GeForce RTX 4060 Laptop GPU,0.4484,5.943,3;2;1,P5b
chat,0,0.0,fixed:8,7.879,3,128,6.2197,21.138,4.054,384.329,135.425,0.2578,0.7724,6.743,40.9,True,0.1103,2.1135,2.2309,33;28;19;14;9;9;6;5,28;19;14;10;9;6;5;4,fp16,NVIDIA GeForce RTX 4060 Laptop GPU,0.381,7.879,4;3;2,P5b
chat,0,0.0,adaptive,5.081,3,128,6.2389,21.034,4.024,389.496,67.723,0.2891,0.7778,6.743,40.9,True,0.1103,2.2585,2.2186,37;32;21;17;8;2,32;21;17;13;6;2,fp16,NVIDIA GeForce RTX 4060 Laptop GPU,0.363,5.081,5;4;3,P5b
chat,0,0.0,adaedl:0.7,1.446,3,128,6.6003,19.841,3.464,266.872,73.19,0.4375,0.9114,6.743,40.9,True,0.1103,1.9765,2.0961,55;14;5;2;1;1;1,48;14;5;2;1;1;1,fp16,NVIDIA GeForce RTX 4060 Laptop GPU,0.3407,1.446,6;5;4,P5b
chat,0,0.7,baseline,,3,128,13.7874,9.289,0.276,204.337,76.222,1.0,,6.738,45.9,,0.0872,1.0,1.0,,,fp16,NVIDIA GeForce RTX 4060 Laptop GPU,0.0,0.0,0;6;5,P5b
chat,0,0.7,fixed:2,1.983,3,128,5.9405,21.617,1.479,222.329,84.356,0.4688,0.6939,6.738,45.9,,0.0872,1.8489,2.3263,60;38,39;29,fp16,NVIDIA GeForce RTX 4060 Laptop GPU,0.1242,1.983,1;0;6,P5b
chat,0,0.7,fixed:4,3.958,3,128,6.3281,20.466,2.612,248.597,87.676,0.375,0.6838,6.738,45.9,,0.0872,1.9938,2.2008,48;33;22;14,33;23;14;10,fp16,NVIDIA GeForce RTX 4060 Laptop GPU,0.2454,3.958,2;1;0,P5b
chat,0,0.7,fixed:6,5.865,3,128,5.1719,24.815,1.54,313.941,72.763,0.2891,0.7459,6.738,45.9,,0.0872,2.2558,2.6711,37;30;20;16;12;7,31;20;16;12;7;5,fp16,NVIDIA GeForce RTX 4060 Laptop GPU,0.1418,5.865,3;2;1,P5b
chat,0,0.7,fixed:8,7.568,3,128,5.8481,21.936,1.28,281.904,64.297,0.2891,0.7398,6.738,45.9,,0.0872,2.1404,2.3638,36;26;18;12;10;9;6;6,26;18;12;10;9;6;6;4,fp16,NVIDIA GeForce RTX 4060 Laptop GPU,0.1773,7.568,4;3;2,P5b
chat,0,0.7,adaptive,4.659,3,128,5.7799,22.189,1.214,296.417,99.508,0.3438,0.7179,6.738,45.9,,0.0872,2.1346,2.391,43;33;20;14;7,33;20;14;13;4,fp16,NVIDIA GeForce RTX 4060 Laptop GPU,0.1712,4.659,5;4;3,P5b
chat,0,0.7,adaedl:0.7,1.793,3,128,6.4643,19.813,0.606,422.633,66.359,0.4531,0.7527,6.738,45.9,,0.0872,1.9153,2.1352,57;16;10;5;4;1,37;15;9;5;4;0,fp16,NVIDIA GeForce RTX 4060 Laptop GPU,0.1198,1.793,6;5;4,P5b
chat,1,0.0,baseline,,3,128,13.8335,9.256,0.202,281.037,5.431,1.0,,6.743,45.1,True,0.0931,1.0,1.0,,,fp16,NVIDIA GeForce RTX 4060 Laptop GPU,0.0,0.0,0;6;5,P5b
chat,1,0.0,fixed:2,1.943,3,128,5.5536,23.166,1.979,203.288,92.7,0.4141,0.7979,6.743,45.1,True,0.0931,2.0343,2.5034,52;42,42;33,fp16,NVIDIA GeForce RTX 4060 Laptop GPU,0.2162,1.943,1;0;6,P5b
chat,1,0.0,fixed:4,3.913,3,128,5.889,21.759,0.871,380.211,176.741,0.3594,0.7257,6.743,45.1,False,0.0931,2.1192,2.3521,46;28;23;16,29;23;16;14,fp16,NVIDIA GeForce RTX 4060 Laptop GPU,0.1239,3.913,2;1;0,P5b
chat,1,0.0,fixed:6,5.78,3,128,5.752,22.261,0.509,368.051,21.682,0.3203,0.7073,6.743,45.1,False,0.0931,2.0093,2.4063,41;26;20;14;13;9,27;20;14;13;9;4,fp16,NVIDIA GeForce RTX 4060 Laptop GPU,0.096,5.78,3;2;1,P5b
chat,1,0.0,fixed:8,7.69,3,128,5.1821,24.83,2.143,432.21,26.434,0.2266,0.8049,6.743,45.1,True,0.0931,2.5343,2.6832,28;20;17;16;16;12;8;6,20;17;16;16;12;8;6;4,fp16,NVIDIA GeForce RTX 4060 Laptop GPU,0.2343,7.69,4;3;2,P5b
chat,1,0.0,adaptive,4.977,3,128,6.426,20.062,2.049,520.444,127.548,0.3438,0.7119,6.743,45.1,False,0.0931,2.0609,2.1669,44;26;21;15;8;3;1,27;21;15;13;5;2;1,fp16,NVIDIA GeForce RTX 4060 Laptop GPU,0.2047,4.977,5;4;3,P5b
chat,1,0.0,adaedl:0.7,1.574,3,128,6.2932,20.344,0.379,334.306,28.615,0.4766,0.7528,6.743,45.1,False,0.0931,1.8295,2.1984,61;15;5;3;3;1;1,40;15;4;3;3;1;1,fp16,NVIDIA GeForce RTX 4060 Laptop GPU,0.0489,1.574,6;5;4,P5b
chat,1,0.7,baseline,,3,128,13.6221,9.4,0.234,269.927,19.67,1.0,,6.738,45.2,,0.0652,1.0,1.0,,,fp16,NVIDIA GeForce RTX 4060 Laptop GPU,0.0,0.0,0;6;5,P5b
chat,1,0.7,fixed:2,1.983,3,128,5.8098,22.072,1.152,220.745,51.907,0.4531,0.7216,6.738,45.2,,0.0652,1.9789,2.3498,58;39,40;30,fp16,NVIDIA GeForce RTX 4060 Laptop GPU,0.1585,1.983,1;0;6,P5b
chat,1,0.7,fixed:4,3.86,3,128,5.3903,23.843,1.82,292.813,133.677,0.3359,0.7522,6.738,45.2,,0.0652,2.416,2.535,42;32;21;18,32;21;18;14,fp16,NVIDIA GeForce RTX 4060 Laptop GPU,0.1542,3.86,2;1;0,P5b
chat,1,0.7,fixed:6,5.973,3,128,6.014,21.313,0.968,521.394,17.374,0.2891,0.7398,6.738,45.2,,0.0652,2.4277,2.2686,37;26;22;18;13;7,26;22;18;13;8;4,fp16,NVIDIA GeForce RTX 4060 Laptop GPU,0.1301,5.973,3;2;1,P5b
chat,1,0.7,fixed:8,7.9,3,128,5.1476,24.876,0.616,375.475,95.556,0.2344,0.8033,6.738,45.2,,0.0652,2.8772,2.6485,30;23;19;14;13;10;7;6,23;19;14;13;11;7;6;5,fp16,NVIDIA GeForce RTX 4060 Laptop GPU,0.1305,7.9,4;3;2,P5b
chat,1,0.7,adaptive,6.171,3,128,5.4383,23.561,0.922,339.255,101.832,0.2734,0.7686,6.738,45.2,,0.0652,2.6144,2.509,35;24;21;16;15;7;3,25;21;17;15;8;5;2,fp16,NVIDIA GeForce RTX 4060 Laptop GPU,0.1562,6.171,5;4;3,P5b
chat,1,0.7,adaedl:0.7,1.63,3,128,6.0403,21.399,2.667,324.207,138.283,0.4219,0.8605,6.738,45.2,,0.0652,2.1147,2.2772,53;17;9;3;1;1;1;1,44;15;8;3;1;1;1;1,fp16,NVIDIA GeForce RTX 4060 Laptop GPU,0.289,1.63,6;5;4,P5b
chat,2,0.0,baseline,,3,128,13.5466,9.479,0.638,212.199,85.413,1.0,,6.743,44.7,True,0.1065,1.0,1.0,,,fp16,NVIDIA GeForce RTX 4060 Laptop GPU,0.0,0.0,0;6;5,P5b
chat,2,0.0,fixed:2,1.95,3,128,6.361,20.149,0.885,275.93,140.795,0.4688,0.701,6.743,44.7,True,0.1065,1.7983,2.1362,59;38,38;30,fp16,NVIDIA GeForce RTX 4060 Laptop GPU,0.237,1.95,1;0;6,P5b
chat,2,0.0,fixed:4,3.878,3,128,6.3751,20.163,1.628,271.407,89.713,0.3828,0.6752,6.743,44.7,True,0.1065,1.8581,2.1307,48;31;24;14,31;24;14;10,fp16,NVIDIA GeForce RTX 4060 Laptop GPU,0.1714,3.878,2;1;0,P5b
chat,2,0.0,fixed:6,5.864,3,128,6.8327,18.753,0.76,490.242,30.56,0.3438,0.6774,6.743,44.7,True,0.1065,1.7765,1.982,43;29;23;13;9;7,29;23;13;9;7;3,fp16,NVIDIA GeForce RTX 4060 Laptop GPU,0.0929,5.864,3;2;1,P5b
chat,2,0.0,fixed:8,7.795,3,128,7.5875,16.923,1.173,442.633,190.976,0.3438,0.672,6.743,44.7,True,0.1065,1.6152,1.7889,43;28;22;13;8;6;3;2,28;22;13;8;6;3;2;2,fp16,NVIDIA GeForce RTX 4060 Laptop GPU,0.1376,7.795,4;3;2,P5b
chat,2,0.0,adaptive,3.196,3,128,6.1718,20.885,2.191,355.619,138.826,0.3984,0.6814,6.743,44.7,True,0.1065,1.8734,2.2208,50;33;24;6,33;24;15;5,fp16,NVIDIA GeForce RTX 4060 Laptop GPU,0.3934,3.196,5;4;3,P5b
chat,2,0.0,adaedl:0.7,1.569,3,128,7.1326,18.02,1.401,274.558,79.827,0.5078,0.7326,6.743,44.7,True,0.1065,1.7635,1.9129,64;13;4;3;1;1,41;13;4;3;1;1,fp16,NVIDIA GeForce RTX 4060 Laptop GPU,0.2718,1.569,6;5;4,P5b
chat,2,0.7,baseline,,3,128,14.1655,9.037,0.139,269.46,30.921,1.0,,6.738,46.1,,0.0551,1.0,1.0,,,fp16,NVIDIA GeForce RTX 4060 Laptop GPU,0.0,0.0,0;6;5,P5b
chat,2,0.7,fixed:2,2.0,3,128,6.0259,21.248,0.446,280.218,83.296,0.4297,0.7526,6.738,46.1,,0.0551,2.0887,2.3518,55;42,42;31,fp16,NVIDIA GeForce RTX 4060 Laptop GPU,0.0775,2.0,1;0;6,P5b
chat,2,0.7,fixed:4,3.891,3,128,5.7281,22.364,0.765,300.286,69.3,0.3594,0.7193,6.738,46.1,,0.0551,2.348,2.4747,46;32;19;17,33;19;17;13,fp16,NVIDIA GeForce RTX 4060 Laptop GPU,0.0803,3.891,2;1;0,P5b
chat,2,0.7,fixed:6,5.837,3,128,6.0901,21.042,0.879,333.077,74.758,0.3359,0.6911,6.738,46.1,,0.0551,2.2533,2.328,43;31;19;14;9;7,31;20;14;9;7;4,fp16,NVIDIA GeForce RTX 4060 Laptop GPU,0.0748,5.837,3;2;1,P5b
chat,2,0.7,fixed:8,7.929,3,128,6.9178,18.518,0.634,374.397,87.559,0.3281,0.6935,6.738,46.1,,0.0551,2.1844,2.0492,42;29;19;15;8;4;4;3,29;19;15;8;5;4;3;3,fp16,NVIDIA GeForce RTX 4060 Laptop GPU,0.0734,7.929,4;3;2,P5b
chat,2,0.7,adaptive,4.935,3,128,6.632,19.44,2.056,328.861,77.739,0.3594,0.6949,6.738,46.1,,0.0551,2.2798,2.1521,45;29;22;13;7;2,29;22;14;11;5;1,fp16,NVIDIA GeForce RTX 4060 Laptop GPU,0.2417,4.935,5;4;3,P5b
chat,2,0.7,adaedl:0.7,1.625,3,128,5.9236,21.703,1.726,284.742,108.341,0.4375,0.8372,6.738,46.1,,0.0551,2.1016,2.4015,56;17;9;4,42;17;9;4,fp16,NVIDIA GeForce RTX 4060 Laptop GPU,0.1903,1.625,6;5;4,P5b
chat,3,0.0,baseline,,3,125,13.6907,9.152,0.559,271.595,75.516,1.0,,6.743,45.3,True,0.0922,1.0,1.0,,,fp16,NVIDIA GeForce RTX 4060 Laptop GPU,0.0,0.0,0;6;5,P5b
chat,3,0.0,fixed:2,2.0,3,125,5.7941,21.579,0.408,188.056,45.75,0.472,0.6837,6.743,45.3,True,0.0922,1.8162,2.3631,59;39,39;28,fp16,NVIDIA GeForce RTX 4060 Laptop GPU,0.1399,2.0,1;0;6,P5b
chat,3,0.0,fixed:4,4.0,3,125,4.862,25.733,0.971,205.557,54.032,0.336,0.7411,6.743,45.3,True,0.0922,2.1908,2.8202,42;30;23;17,30;23;17;13,fp16,NVIDIA GeForce RTX 4060 Laptop GPU,0.2336,4.0,2;1;0,P5b
chat,3,0.0,fixed:6,6.0,3,125,5.9757,20.947,0.958,398.042,87.101,0.32,0.725,6.743,45.3,True,0.0922,2.0947,2.2981,40;26;21;15;11;7,26;21;15;11;7;7,fp16,NVIDIA GeForce RTX 4060 Laptop GPU,0.2347,6.0,3;2;1,P5b
chat,3,0.0,fixed:8,7.974,3,125,6.3481,19.726,1.02,414.208,28.026,0.304,0.712,6.743,45.3,True,0.0922,1.9061,2.1645,38;24;19;15;11;7;7;4,24;19;15;11;7;7;4;2,fp16,NVIDIA GeForce RTX 4060 Laptop GPU,0.2325,7.974,4;3;2,P5b
chat,3,0.0,adaptive,4.209,3,125,5.6778,22.025,0.562,358.348,82.877,0.344,0.7281,6.743,45.3,True,0.0922,2.1421,2.4147,43;30;23;15;3,30;23;18;11;1,fp16,NVIDIA GeForce RTX 4060 Laptop GPU,0.2008,4.209,5;4;3,P5b
chat,3,0.0,adaedl:0.7,1.338,3,125,6.5821,19.043,1.227,270.611,63.456,0.52,0.7654,6.743,45.3,True,0.0922,1.7638,2.0875,65;10;2;1;1;1;1,48;9;2;1;1;1;0,fp16,NVIDIA GeForce RTX 4060 Laptop GPU,0.2153,1.338,6;5;4,P5b
chat,3,0.7,baseline,,3,128,13.97,9.207,0.777,245.456,118.376,1.0,,6.738,41.0,,0.0811,1.0,1.0,,,fp16,NVIDIA GeForce RTX 4060 Laptop GPU,0.0,0.0,0;6;5,P5b
chat,3,0.7,fixed:2,2.0,3,90,4.4007,20.56,1.847,256.893,89.176,0.4444,0.7222,6.738,41.0,,0.0811,1.9308,2.233,40;32,32;20,fp16,NVIDIA GeForce RTX 4060 Laptop GPU,0.0595,2.0,1;0;6,P5b
chat,3,0.7,fixed:4,4.0,3,103,5.2855,19.603,1.817,267.636,95.742,0.3495,0.7083,6.738,41.0,,0.0811,2.1274,2.1281,36;28;22;10,28;22;10;8,fp16,NVIDIA GeForce RTX 4060 Laptop GPU,0.0202,4.0,2;1;0,P5b
chat,3,0.7,fixed:6,6.0,3,119,7.0351,17.281,2.965,400.417,108.703,0.3445,0.6783,6.738,41.0,,0.0811,1.9529,1.8674,41;29;17;12;9;7,29;17;12;9;7;4,fp16,NVIDIA GeForce RTX 4060 Laptop GPU,0.1723,6.0,3;2;1,P5b
chat,3,0.7,fixed:8,8.0,3,113,7.7033,14.786,1.605,462.069,62.249,0.354,0.6757,6.738,41.0,,0.0811,1.8154,1.6038,40;23;14;9;9;7;5;4,23;14;9;9;7;5;4;4,fp16,NVIDIA GeForce RTX 4060 Laptop GPU,0.0429,8.0,4;3;2,P5b
chat,3,0.7,adaptive,3.98,3,117,7.3891,16.428,3.637,433.329,86.488,0.4188,0.6364,6.738,41.0,,0.0811,1.8602,1.7702,49;32;21;5;2;1,32;21;10;4;2;1,fp16,NVIDIA GeForce RTX 4060 Laptop GPU,0.2563,3.98,5;4;3,P5b
chat,3,0.7,adaedl:0.7,2.0,3,92,5.7624,16.467,3.363,406.293,110.194,0.4783,0.7353,6.738,41.0,,0.0811,1.9584,1.7761,44;12;3;2;2;2;2;1,28;11;3;2;2;2;1;1,fp16,NVIDIA GeForce RTX 4060 Laptop GPU,0.2248,2.0,6;5;4,P5b
chat,4,0.0,baseline,,3,128,13.1636,9.727,0.219,223.372,48.615,1.0,,6.743,40.0,True,0.0787,1.0,1.0,,,fp16,NVIDIA GeForce RTX 4060 Laptop GPU,0.0,0.0,0;6;5,P5b
chat,4,0.0,fixed:2,1.948,3,128,7.8611,16.313,0.871,313.5,205.265,0.4531,0.7143,6.743,40.0,True,0.0787,1.9094,1.6766,57;41,41;29,fp16,NVIDIA GeForce RTX 4060 Laptop GPU,0.0644,1.948,1;0;6,P5b
chat,4,0.0,fixed:4,3.915,3,128,7.392,17.472,2.053,338.694,51.79,0.3672,0.6983,6.743,40.0,True,0.0787,2.1002,1.7952,46;31;24;15,31;24;15;11,fp16,NVIDIA GeForce RTX 4060 Laptop GPU,0.1919,3.915,2;1;0,P5b
chat,4,0.0,fixed:6,5.795,3,128,8.1862,15.904,2.596,574.857,68.179,0.3438,0.6774,6.743,40.0,True,0.0787,1.9783,1.6334,43;31;23;13;9;5,31;23;13;9;5;3,fp16,NVIDIA GeForce RTX 4060 Laptop GPU,0.2462,5.795,3;2;1,P5b
chat,4,0.0,fixed:8,7.651,3,128,8.4093,15.487,2.561,504.048,196.141,0.3359,0.6855,6.743,40.0,True,0.0787,1.9091,1.5905,42;29;21;12;9;5;3;3,29;21;12;9;5;3;3;3,fp16,NVIDIA GeForce RTX 4060 Laptop GPU,0.2423,7.651,4;3;2,P5b
chat,4,0.0,adaptive,4.6,3,128,7.572,17.105,2.248,523.096,44.255,0.3516,0.6917,6.743,40.0,True,0.0787,2.0793,1.7557,44;31;24;13;7;1,31;24;15;10;3;0,fp16,NVIDIA GeForce RTX 4060 Laptop GPU,0.1927,4.6,5;4;3,P5b
chat,4,0.0,adaedl:0.7,1.456,3,128,9.5666,13.449,1.202,400.38,161.441,0.5312,0.6897,6.743,40.0,True,0.0787,1.7303,1.3815,67;10;5;3;2,40;10;5;3;2,fp16,NVIDIA GeForce RTX 4060 Laptop GPU,0.0965,1.456,6;5;4,P5b
chat,4,0.7,baseline,,3,128,12.9449,9.913,0.599,260.026,82.418,1.0,,6.738,44.7,,0.061,1.0,1.0,,,fp16,NVIDIA GeForce RTX 4060 Laptop GPU,0.0,0.0,0;6;5,P5b
chat,4,0.7,fixed:2,1.967,3,128,6.1754,20.73,0.28,187.676,27.643,0.4688,0.68,6.738,44.7,,0.061,1.9015,2.0968,59;41,41;27,fp16,NVIDIA GeForce RTX 4060 Laptop GPU,0.1393,1.967,1;0;6,P5b
chat,4,0.7,fixed:4,3.932,3,128,5.322,24.26,2.838,358.225,160.558,0.3438,0.7241,6.738,44.7,,0.061,2.3284,2.4524,44;30;23;19,31;23;19;11,fp16,NVIDIA GeForce RTX 4060 Laptop GPU,0.3033,3.932,2;1;0,P5b
chat,4,0.7,fixed:6,5.875,3,128,5.7623,22.291,1.627,298.837,99.809,0.3125,0.7097,6.738,44.7,,0.061,2.2954,2.2505,40;31;22;15;11;5,31;23;15;11;5;3,fp16,NVIDIA GeForce RTX 4060 Laptop GPU,0.1405,5.875,3;2;1,P5b
chat,4,0.7,fixed:8,7.8,3,128,7.5102,17.387,2.925,433.28,77.878,0.3125,0.6929,6.738,44.7,,0.061,2.1187,1.7488,39;31;22;13;10;5;4;3,31;22;13;10;5;4;3;0,fp16,NVIDIA GeForce RTX 4060 Laptop GPU,0.2288,7.8,4;3;2,P5b
chat,4,0.7,adaptive,5.489,3,128,7.2244,17.956,2.541,454.76,106.018,0.3516,0.6803,6.738,44.7,,0.061,2.1508,1.8089,44;30;19;13;8;5;2;1,30;19;13;9;6;3;2;1,fp16,NVIDIA GeForce RTX 4060 Laptop GPU,0.2036,5.489,5;4;3,P5b
chat,4,0.7,adaedl:0.7,1.58,3,128,7.3913,17.358,1.044,334.961,96.558,0.5391,0.6413,6.738,44.7,,0.061,1.7344,1.7539,68;13;3;2;2;2;2,37;12;3;2;2;2;1,fp16,NVIDIA GeForce RTX 4060 Laptop GPU,0.1177,1.58,6;5;4,P5b
chat,5,0.0,baseline,,3,128,13.1587,9.82,1.14,137.142,50.475,1.0,,6.743,45.3,True,0.097,1.0,1.0,,,fp16,NVIDIA GeForce RTX 4060 Laptop GPU,0.0,0.0,0;6;5,P5b
chat,5,0.0,fixed:2,1.965,3,128,5.9671,21.516,1.423,223.976,41.927,0.4453,0.7172,6.743,45.3,False,0.097,1.8615,2.2011,56;43,43;28,fp16,NVIDIA GeForce RTX 4060 Laptop GPU,0.1434,1.965,1;0;6,P5b
chat,5,0.0,fixed:4,3.976,3,128,5.1465,24.874,0.284,332.288,138.213,0.3203,0.7373,6.743,45.3,False,0.097,2.1443,2.5549,41;36;25;16,36;25;17;9,fp16,NVIDIA GeForce RTX 4060 Laptop GPU,0.2841,3.976,2;1;0,P5b
chat,5,0.0,fixed:6,5.923,3,128,5.4927,23.389,1.758,401.515,89.694,0.3047,0.7236,6.743,45.3,False,0.097,2.0532,2.392,39;33;24;15;8;4,33;24;16;8;4;4,fp16,NVIDIA GeForce RTX 4060 Laptop GPU,0.1592,5.923,3;2;1,P5b
chat,5,0.0,fixed:8,7.865,3,128,5.9189,21.734,1.909,335.34,52.602,0.2891,0.7222,6.743,45.3,False,0.097,1.9283,2.2265,37;32;23;15;8;4;4;3,32;23;16;8;4;4;3;1,fp16,NVIDIA GeForce RTX 4060 Laptop GPU,0.2389,7.865,4;3;2,P5b
chat,5,0.0,adaptive,4.268,3,128,5.1597,24.977,2.59,356.414,106.448,0.3203,0.7373,6.743,45.3,False,0.097,2.1517,2.5542,41;36;25;15;1,36;25;17;9;0,fp16,NVIDIA GeForce RTX 4060 Laptop GPU,0.2407,4.268,5;4;3,P5b
chat,5,0.0,adaedl:0.7,1.431,3,128,6.7738,19.079,2.365,344.89,112.237,0.5078,0.759,6.743,45.3,False,0.097,1.7798,1.9469,64;14;5,46;12;5,fp16,NVIDIA GeForce RTX 4060 Laptop GPU,0.1602,1.431,6;5;4,P5b
chat,5,0.7,baseline,,3,128,13.918,9.199,0.193,184.552,22.024,1.0,,6.738,44.4,,0.0782,1.0,1.0,,,fp16,NVIDIA GeForce RTX 4060 Laptop GPU,0.0,0.0,0;6;5,P5b
chat,5,0.7,fixed:2,2.0,3,128,6.163,20.997,2.718,244.768,145.825,0.4219,0.7551,6.738,44.4,,0.0782,2.0107,2.2814,54;44,44;30,fp16,NVIDIA GeForce RTX 4060 Laptop GPU,0.276,2.0,1;0;6,P5b
chat,5,0.7,fixed:4,3.83,3,128,6.6539,19.677,3.463,300.697,168.531,0.3672,0.6983,6.738,44.4,,0.0782,2.1002,2.1396,46;33;21;16,33;21;16;11,fp16,NVIDIA GeForce RTX 4060 Laptop GPU,0.3765,3.83,2;1;0,P5b
chat,5,0.7,fixed:6,5.867,3,128,7.5923,17.141,2.6,448.306,37.103,0.3516,0.686,6.738,44.4,,0.0782,2.0186,1.8638,44;30;17;13;10;7,30;17;13;10;7;6,fp16,NVIDIA GeForce RTX 4060 Laptop GPU,0.2836,5.867,3;2;1,P5b
chat,5,0.7,fixed:8,7.861,3,128,6.2792,20.471,1.638,502.234,159.714,0.2812,0.748,6.738,44.4,,0.0782,2.2695,2.225,36;29;18;13;8;8;7;4,29;18;13;9;8;7;4;4,fp16,NVIDIA GeForce RTX 4060 Laptop GPU,0.1649,7.861,4;3;2,P5b
chat,5,0.7,adaptive,5.658,3,128,5.6733,22.621,1.432,294.36,111.363,0.2969,0.7692,6.738,44.4,,0.0782,2.4802,2.4585,37;30;19;15;11;4;1,30;19;15;12;9;4;1,fp16,NVIDIA GeForce RTX 4060 Laptop GPU,0.1352,5.658,5;4;3,P5b
chat,5,0.7,adaedl:0.7,1.836,3,128,6.2018,20.777,2.052,358.133,235.456,0.4297,0.8295,6.738,44.4,,0.0782,2.1105,2.2567,55;19;11;3,41;18;11;3,fp16,NVIDIA GeForce RTX 4060 Laptop GPU,0.1903,1.836,6;5;4,P5b
