task,temperature,method,gamma,prompts,tokens_per_s,tokens_per_s_sd_across_prompts,measured_speedup,speedup_sd_across_prompts,alpha,target_passes_per_token,predicted_speedup,greedy_matches,c
code,0.0,baseline,,6,17.29,0.39,1.0,0.0,,1.0,1.0,6/6,0.7337
code,0.0,fixed:1,1,6,20.7,1.39,1.196,0.057,0.8931,0.5312,1.092,6/6,0.7337
code,0.0,fixed:2,2,6,20.21,2.43,1.167,0.121,0.9059,0.3737,1.105,6/6,0.7337
code,0.0,fixed:3,3,6,19.82,2.82,1.144,0.143,0.9024,0.2956,1.078,6/6,0.7337
code,0.0,fixed:4,4,6,19.02,2.72,1.098,0.138,0.9024,0.25,1.046,6/6,0.7337
code,0.0,fixed:6,6,6,18.28,2.85,1.055,0.147,0.9107,0.1966,0.996,6/6,0.7337
code,0.0,fixed:8,8,6,17.57,3.51,1.013,0.184,0.9114,0.1615,0.93,6/6,0.7337
code,0.7,baseline,,6,17.11,0.58,1.0,0.0,,1.0,1.0,,0.7337
code,0.7,fixed:1,1,6,20.66,1.14,1.21,0.086,0.9037,0.5273,1.098,,0.7337
code,0.7,fixed:2,2,6,20.41,1.37,1.194,0.095,0.8929,0.3763,1.09,,0.7337
code,0.7,fixed:3,3,6,19.68,2.03,1.155,0.159,0.8808,0.3034,1.043,,0.7337
code,0.7,fixed:4,4,6,18.58,1.92,1.088,0.128,0.8774,0.2604,0.995,,0.7337
code,0.7,fixed:6,6,6,17.36,2.49,1.019,0.177,0.8957,0.2018,0.954,,0.7337
code,0.7,fixed:8,8,6,15.54,2.86,0.912,0.189,0.8768,0.1823,0.82,,0.7337
math,0.0,baseline,,6,22.27,3.35,1.0,0.0,,1.0,1.0,6/6,0.737
math,0.0,fixed:1,1,6,26.53,3.43,1.195,0.05,0.9322,0.5182,1.112,6/6,0.737
math,0.0,fixed:2,2,6,27.87,3.49,1.259,0.101,0.9522,0.3555,1.156,6/6,0.737
math,0.0,fixed:3,3,6,25.86,2.89,1.171,0.107,0.9458,0.276,1.148,6/6,0.737
math,0.0,fixed:4,4,6,24.82,2.01,1.127,0.102,0.9444,0.2279,1.133,6/6,0.737
math,0.0,fixed:6,6,6,26.17,1.86,1.202,0.219,0.9465,0.1732,1.102,6/6,0.737
math,0.0,fixed:8,8,6,24.94,2.38,1.152,0.267,0.9468,0.1445,1.06,6/6,0.737
math,0.7,baseline,,6,22.51,2.32,1.0,0.0,,1.0,1.0,,0.737
math,0.7,fixed:1,1,6,28.31,1.88,1.266,0.125,0.9395,0.5169,1.117,,0.737
math,0.7,fixed:2,2,6,28.71,3.23,1.278,0.098,0.9599,0.349,1.165,,0.737
math,0.7,fixed:3,3,6,27.13,2.82,1.206,0.047,0.9409,0.2786,1.14,,0.737
math,0.7,fixed:4,4,6,26.5,2.52,1.184,0.121,0.9522,0.2253,1.151,,0.737
math,0.7,fixed:6,6,6,25.82,2.69,1.167,0.247,0.9449,0.1771,1.096,,0.737
math,0.7,fixed:8,8,6,23.7,2.39,1.07,0.219,0.9358,0.1497,1.016,,0.737
chat,0.0,baseline,,6,21.04,1.59,1.0,0.0,,1.0,1.0,6/6,0.7532
chat,0.0,fixed:1,1,6,24.12,1.98,1.151,0.126,0.7178,0.5857,0.98,4/6,0.7532
chat,0.0,fixed:2,2,6,21.73,1.71,1.04,0.136,0.7386,0.4432,0.911,5/6,0.7532
chat,0.0,fixed:3,3,6,19.29,1.64,0.922,0.115,0.7343,0.3779,0.819,5/6,0.7532
chat,0.0,fixed:4,4,6,17.41,1.73,0.833,0.121,0.7238,0.3464,0.723,4/6,0.7532
chat,0.0,fixed:6,6,6,13.97,1.32,0.666,0.077,0.7146,0.3164,0.574,4/6,0.7532
chat,0.0,fixed:8,8,6,12.14,1.57,0.582,0.102,0.7292,0.2929,0.495,5/6,0.7532
chat,0.7,baseline,,6,23.35,1.71,1.0,0.0,,1.0,1.0,,0.7532
chat,0.7,fixed:1,1,6,23.72,2.45,1.018,0.101,0.7238,0.5847,0.983,,0.7532
chat,0.7,fixed:2,2,6,21.14,3.77,0.906,0.149,0.7163,0.4504,0.889,,0.7532
chat,0.7,fixed:3,3,6,18.28,1.68,0.785,0.068,0.7264,0.3821,0.809,,0.7532
chat,0.7,fixed:4,4,6,15.85,1.82,0.682,0.095,0.7143,0.3551,0.71,,0.7532
chat,0.7,fixed:6,6,6,14.06,1.32,0.606,0.084,0.7219,0.3136,0.585,,0.7532
chat,0.7,fixed:8,8,6,10.73,1.06,0.464,0.081,0.7056,0.3151,0.462,,0.7532
