task,prompt_id,temperature,lam0,new_tokens,tokens_per_s,baseline_tokens_per_s,speedup_indicative,alpha,mean_draft_len,rounds,early_stops,mean_entropy,final_lam,matches_baseline
code,0,0.0,0.7,128,19.59,20.8,0.942,0.9126,3.529,34,27,0.3302,0.706,True
code,0,0.7,0.7,128,29.12,20.8,1.4,0.9636,5.136,22,14,0.1898,0.704,
code,0,0.7,0.3,128,20.54,20.8,0.988,0.9153,7.65,20,0,0.2053,0.31,
code,0,0.7,0.5,128,21.36,20.8,1.027,0.9469,6.667,21,4,0.207,0.513,
code,0,0.7,0.9,128,18.84,20.8,0.906,0.9239,2.419,43,39,0.1952,0.893,
code,1,0.0,0.7,128,24.38,20.84,1.17,0.9901,3.607,28,20,0.2622,0.685,True
code,1,0.7,0.7,128,21.97,20.84,1.054,0.9439,4.407,27,17,0.1899,0.706,
code,1,0.7,0.3,128,17.12,20.84,0.821,0.8889,7.875,24,0,0.2063,0.322,
code,1,0.7,0.5,128,18.17,20.84,0.872,0.8879,6.92,25,5,0.24,0.52,
code,1,0.7,0.9,128,19.76,20.84,0.948,0.8667,1.84,50,48,0.432,0.909,
code,2,0.0,0.7,128,30.0,23.31,1.287,0.9907,5.143,21,12,0.1978,0.692,True
code,2,0.7,0.7,128,23.42,23.31,1.005,0.9346,4.679,28,16,0.1889,0.713,
code,3,0.0,0.7,128,24.29,23.17,1.048,0.9505,3.5,32,27,0.3798,0.701,True
code,3,0.7,0.7,128,20.3,23.17,0.876,0.89,3.256,39,33,0.2838,0.713,
code,4,0.0,0.7,128,19.15,22.77,0.841,0.8837,1.75,52,50,0.9746,0.693,True
code,4,0.7,0.7,128,18.25,22.77,0.801,0.7895,2.132,53,49,0.5502,0.724,
code,5,0.0,0.7,128,24.39,22.94,1.063,0.9505,3.219,32,29,0.3315,0.7,True
code,5,0.7,0.7,128,27.46,22.94,1.197,0.9811,4.458,24,18,0.1495,0.692,
math,0,0.0,0.7,128,25.74,24.89,1.034,0.9905,4.667,24,14,0.2134,0.689,True
math,0,0.7,0.7,116,22.45,24.89,0.902,0.9703,6.053,19,8,0.109,0.702,
math,0,0.7,0.3,128,18.8,24.89,0.755,0.9231,7.9,20,0,0.1944,0.314,
math,0,0.7,0.5,128,16.3,24.89,0.655,0.887,6.962,26,5,0.237,0.523,
math,0,0.7,0.9,128,21.94,24.89,0.881,0.9703,3.433,30,23,0.1431,0.894,
math,1,0.0,0.7,128,25.83,20.66,1.25,0.9717,5.0,25,13,0.2037,0.701,True
math,1,0.7,0.7,128,24.89,20.66,1.205,0.9633,4.957,23,11,0.1321,0.704,
math,1,0.7,0.3,128,26.88,20.66,1.301,0.9652,7.941,17,0,0.1031,0.308,
math,1,0.7,0.5,128,23.45,20.66,1.135,0.9381,6.818,22,3,0.2184,0.515,
math,1,0.7,0.9,128,26.22,20.66,1.269,0.97,3.29,31,25,0.1384,0.888,
math,2,0.0,0.7,128,20.7,23.4,0.885,0.9623,4.808,26,17,0.1901,0.699,True
math,2,0.7,0.7,128,22.96,23.4,0.981,0.9907,5.333,21,11,0.1109,0.694,
math,3,0.0,0.7,128,21.93,19.69,1.114,0.9706,3.655,29,22,0.2571,0.693,True
math,3,0.7,0.7,128,21.03,19.69,1.068,0.9813,4.826,23,14,0.1552,0.693,
math,4,0.0,0.7,128,20.07,18.79,1.068,0.9714,4.846,26,14,0.1812,0.697,True
math,4,0.7,0.7,128,22.74,18.79,1.21,0.981,4.56,25,16,0.1462,0.69,
math,5,0.0,0.7,128,26.22,20.09,1.305,0.9908,5.5,20,10,0.111,0.695,True
math,5,0.7,0.7,128,25.0,20.09,1.244,0.9909,5.842,19,7,0.0712,0.693,
chat,0,0.0,0.7,128,17.97,20.0,0.899,0.9114,1.446,56,55,1.0841,0.686,True
chat,0,0.7,0.7,128,15.84,20.0,0.792,0.7527,1.793,58,55,0.6788,0.738,
chat,0,0.7,0.3,128,12.0,20.0,0.6,0.748,7.222,36,3,0.6832,0.335,
chat,0,0.7,0.5,128,15.27,20.0,0.764,0.7982,3.878,41,34,0.6782,0.53,
chat,0,0.7,0.9,128,16.1,20.0,0.805,0.8,1.297,64,62,0.7178,0.902,
chat,1,0.0,0.7,128,15.96,19.93,0.801,0.7528,1.574,61,60,1.2044,0.737,False
chat,1,0.7,0.7,128,15.63,19.93,0.784,0.7935,1.891,55,53,0.6646,0.724,
chat,1,0.7,0.3,128,9.97,19.93,0.5,0.6748,6.8,45,8,0.69,0.345,
chat,1,0.7,0.5,128,14.64,19.93,0.735,0.7981,3.489,45,41,0.7478,0.533,
chat,1,0.7,0.9,128,16.09,19.93,0.807,0.8171,1.393,61,60,0.6183,0.909,
chat,2,0.0,0.7,128,16.28,22.64,0.719,0.7326,1.569,65,62,1.2306,0.741,True
chat,2,0.7,0.7,128,15.21,22.64,0.672,0.6889,1.742,66,65,0.7294,0.746,
chat,3,0.0,0.7,125,19.97,22.5,0.888,0.7654,1.338,65,64,1.2463,0.715,True
chat,3,0.7,0.7,128,17.87,22.5,0.794,0.6556,1.478,69,65,0.9039,0.749,
chat,4,0.0,0.7,128,18.32,25.85,0.709,0.6897,1.456,68,67,1.6723,0.752,True
chat,4,0.7,0.7,128,17.45,25.85,0.675,0.7865,1.862,58,55,0.8141,0.714,
chat,5,0.0,0.7,128,19.84,25.53,0.777,0.759,1.431,65,64,1.3977,0.735,False
chat,5,0.7,0.7,128,19.61,25.53,0.768,0.8072,1.541,61,60,0.831,0.709,
